Team,Opp,Date,Type,Player,Timer,x1,y1,x2,y2
CHE,BUR,18.08.2014,CG,Da Silva Costa,1-33,378.96,208.1,351.92,140.553
CHE,BUR,18.08.2014,CG,Schürrle,1-20,445.52,225.37,357.12,158.907
CHE,BUR,18.08.2014,CG,Ivanovic,1-16,335.28,291.31,363.36,160.034
CHE,LEI,23.08.2014,CS,,2-56,539.12,258.34,492.32,204.96
CHE,LEI,23.08.2014,CG,Da Silva Costa,2-62,390.4,247.35,394.56,155.848
CHE,LEI,23.08.2014,G,Hazard,2-76,159.52,357.25,394.56,158.907
CHE,EVE,30.08.2014,CG,Da Silva Costa,1-0,487.12,361.96,386.24,130.41
CHE,EVE,30.08.2014,CG,Ivanovic,1-2,427.84,341.55,361.28,158.907
CHE,EVE,30.08.2014,CG,Da Silva Costa,2-89,207.36,289.74,415.36,157.941
CHE,EVE,30.08.2014,CS,,2-52,298.88,332.13,340.48,274.04
CHE,EVE,30.08.2014,G,Matic,2-73,396.64,456.16,425.76,157.941
CHE,EVE,30.08.2014,G,Santos do Nascimento,2-76,550.56,266.19,341.52,143.612
CHE,SWA,13.09.2014,G,Remy,2-80,320.72,391.79,419.52,157.941
CHE,SWA,13.09.2014,CG,Da Silva Costa,1-44,368.56,270.9,407.04,154.882
CHE,SWA,13.09.2014,CG,Da Silva Costa,2-66,374.8,236.36,344.64,152.789
CHE,SWA,13.09.2014,CG,Da Silva Costa,2-55,377.92,259.91,367.52,119.301
CHE,MCI,21.09.2014,CG,Schürrle,2-70,348.8,214.38,342.56,155.848
CHE,AST,27.09.2014,CG,Da Silva Costa,2-58,340.48,261.48,380,115.115
CHE,AST,27.09.2014,CG,Borges Da Silva,2-78,409.12,178.27,412.24,160.034
CHE,AST,27.09.2014,CG,dos Santos Emboaba Junior,1-6,402.88,267.76,344.64,158.907
CHE,AST,27.09.2014,CS,,1-33,386.24,289.74,374.8,175.13
CHE,ARS,05.10.2014,CG,Hazard,1-26,380,341.55,420.56,160.034
CHE,ARS,05.10.2014,CG,Da Silva Costa,2-77,367.52,371.38,409.12,126.385
CHE,ARS,05.10.2014,CO,,2-75,222.96,239.5,347.76,67.137
CHE,CRY,18.10.2014,CG,Fàbregas,2-50,267.68,333.7,348.8,155.848
CHE,CRY,18.10.2014,G,dos Santos Emboaba Junior,1-5,549.52,528.38,337.36,113.183
CHE,MUN,26.10.2014,G,Drogba,2-52,284.32,233.22,347.76,121.233
CHE,MUN,26.10.2014,CS,,1-40,455.92,368.24,413.28,184.55
CHE,MUN,26.10.2014,CS,,2-51,332.16,365.1,347.76,239.5
CHE,QPR,01.11.2014,CO,,1-10,440.32,208.1,451.76,158.746
CHE,QPR,01.11.2014,CG,Hazard,2-74,380,341.55,404.96,158.907
CHE,QPR,01.11.2014,G,dos Santos Emboaba Junior,1-31,600.48,338.41,336.32,129.444
CHE,LIV,08.11.2014,CG,Da Silva Costa,2-66,439.28,289.74,399.76,152.789
CHE,LIV,08.11.2014,CG,Cahill,1-13,320.72,212.81,345.68,146.671
CHE,LIV,08.11.2014,CS,,1-13,366.48,259.91,359.2,182.98
CHE,WBA,22.11.2014,CG,Da Silva Costa,1-10,375.84,253.63,358.16,140.553
CHE,WBA,22.11.2014,G,Hazard,1-24,277.04,237.93,343.6,160.034
CHE,WBA,22.11.2014,CO,,2-46,423.68,245.78,345.68,71.484
CHE,WBA,22.11.2014,CO,,1-18,407.04,255.2,302,158.746
CHE,WBA,22.11.2014,CS,,2-72,250,220.66,278.08,204.96
CHE,WBA,22.11.2014,CS,,1-41,308.24,366.67,316.56,314.86
CHE,WBA,22.11.2014,CS,,1-14,381.04,242.64,380,219.09
CHE,WBA,22.11.2014,CS,,1-4,352.96,208.1,356.08,171.99
CHE,TOT,03.12.2014,CG,Drogba,1-21,496.48,343.12,393.52,128.317
CHE,TOT,03.12.2014,CG,Hazard,1-18,252.08,267.76,364.4,148.764
CHE,TOT,03.12.2014,G,Remy,2-72,302,325.85,409.12,160.034
CHE,NEW,06.12.2014,CG,Drogba,2-82,384.16,256.77,356.08,155.848
CHE,NEW,06.12.2014,CO,,2-56,376.88,270.9,267.68,154.238
CHE,HUL,13.12.2014,CG,Hazard,1-6,401.84,258.34,361.28,158.907
CHE,HUL,13.12.2014,G,Da Silva Costa,2-67,475.68,272.47,344.64,160.034
CHE,STK,22.12.2014,CO,,1-30,571.36,398.07,289.52,156.492
CHE,STK,22.12.2014,CS,,2-83,269.76,333.7,331.12,258.34
CHE,STK,22.12.2014,G,Fàbregas,2-77,439.28,332.13,341.52,157.941
CHE,STK,22.12.2014,G,Terry,1-1,366.48,266.19,372.72,135.562
CHE,WHU,26.12.2014,CO,,1-3,288.48,256.77,362.32,78.246
CHE,WHU,26.12.2014,CG,Terry,1-30,359.2,181.41,360.24,155.848
CHE,WHU,26.12.2014,G,Da Silva Costa,2-61,207.36,361.96,412.24,160.034
CHE,WHU,26.12.2014,CS,,2-66,421.6,192.4,387.28,161
CHE,SOU,28.12.2014,G,Hazard,1-45,261.44,368.24,422.64,158.907
CHE,TOT,01.01.2015,CG,Terry,2-86,320.72,208.1,344.64,129.444
CHE,TOT,01.01.2015,CG,Da Silva Costa,1-17,404.96,181.41,421.6,133.469
CHE,TOT,01.01.2015,CG,Hazard,2-60,346.72,339.98,426.8,147.798
CHE,TOT,01.01.2015,CS,,2-84,346.72,286.6,391.44,175.13
CHE,NEW,10.01.2015,CG,dos Santos Emboaba Junior,1-42,261.44,310.15,356.08,158.907
CHE,NEW,10.01.2015,G,Da Silva Costa,2-58,358.16,401.21,338.4,158.907
CHE,SWA,17.01.2015,CG,Schürrle,2-78,390.4,192.4,389.36,158.907
CHE,SWA,17.01.2015,CG,Da Silva Costa,1-19,316.56,385.51,348.8,136.528
CHE,SWA,17.01.2015,CG,Da Silva Costa,1-33,213.6,253.63,344.64,158.907
CHE,SWA,17.01.2015,G,dos Santos Emboaba Junior,1-35,473.6,368.24,401.84,119.301
CHE,SWA,17.01.2015,CO,,1-43,438.24,335.27,388.32,95.795
CHE,SWA,17.01.2015,G,dos Santos Emboaba Junior,1-0,403.92,504.83,337.36,160.034
CHE,MCI,31.01.2015,CG,Remy,1-40,395.6,237.93,387.28,119.301
CHE,AST,07.02.2015,CG,Hazard,1-7,390.4,281.89,344.64,157.941
CHE,AST,07.02.2015,G,Ivanovic,2-65,453.84,387.08,333.2,117.208
CHE,EVE,11.02.2015,G,Borges Da Silva ,2-88,530.8,485.99,422.64,157.941
CHE,BUR,21.02.2015,CG,Ivanovic,1-13,406,214.38,418.48,158.907
CHE,WHU,04.03.2015,CG,Hazard,1-21,372.72,220.66,391.44,134.435
CHE,WHU,04.03.2015,CS,,2-57,412.24,244.21,389.36,165.71
CHE,WHU,04.03.2015,CB,,2-93,428.88,335.27,403.92,179.84
CHE,SOU,15.03.2015,CG,Da Silva Costa,1-10,360.24,239.5,393.52,135.562
CHE,SOU,15.03.2015,CO,,2-89,278.08,270.9,533.92,127.512
CHE,SOU,15.03.2015,CS,,2-71,501.68,192.4,423.68,164.14
CHE,SOU,15.03.2015,CS,,2-71,393.52,269.33,396.64,176.7
CHE,SOU,15.03.2015,CS,,2-89,361.28,303.87,375.84,171.99
CHE,SOU,15.03.2015,CB,,2-89,310.32,270.9,335.28,184.55
CHE,HUL,22.03.2015,CG,Remy,2-76,400.8,328.99,372.72,157.941
CHE,HUL,22.03.2015,G,Da Silva Costa,1-8,160.56,324.28,422.64,127.351
CHE,HUL,22.03.2015,G,Hazard,1-1,257.28,501.69,423.68,134.435
CHE,STK,04.04.2015,CG,Hazard,1-38,380,341.55,361.28,160.034
CHE,STK,04.04.2015,CG,Remy,2-61,323.84,270.9,371.68,158.907
CHE,STK,04.04.2015,CO,,1-29,332.16,391.79,468.4,156.492
CHE,STK,04.04.2015,CS,,2-79,370.64,252.06,357.12,170.42
CHE,STK,04.04.2015,CS,,2-79,366.48,209.67,365.44,186.12
CHE,QPR,12.04.2015,CO,,1-44,350.88,259.91,411.2,37.996
CHE,QPR,12.04.2015,G,Fàbregas,2-87,333.2,385.51,339.44,158.907
CHE,MUN,18.04.2015,CG,Hazard,1-37,222.96,245.78,360.24,156.975
CHE,MUN,18.04.2015,CO,,2-53,314.48,186.12,341.52,96.761
CHE,ARS,26.04.2015,CS,,1-37,314.48,310.15,370.64,211.24
CHE,ARS,26.04.2015,CB,,1-15,459.04,365.1,398.72,225.37
CHE,LEI,29.04.2015,CG,Terry,2-78,391.44,181.41,429.92,131.376
CHE,LEI,29.04.2015,G,Drogba,2-47,398.72,281.89,354,160.034
CHE,LEI,29.04.2015,G,Santos do Nascimento,2-82,414.32,462.44,337.36,110.124
CHE,CRY,03.05.2015,CG,Hazard,1-44,381.04,275.61,413.28,157.941
CHE,CRY,03.05.2015,CS,,1-44,380,341.55,387.28,161
CHE,LIV,10.05.2015,G,Terry,1-4,357.12,270.9,402.88,154.882
CHE,WBA,18.05.2015,CS,,2-72,455.92,217.52,382.08,171.99
CHE,SUN,24.05.2015,G,Remy,2-69,406,478.14,347.76,160.034
CHE,SUN,24.05.2015,CG,Remy,2-87,357.12,231.65,337.36,160.034
CHE,SUN,24.05.2015,CG,Da Silva Costa,1-36,380,341.55,341.52,157.941
MCI,NEW,17.08.2014,CG,Silva,1-37,250,314.86,369.6,158.907
MCI,NEW,17.08.2014,CG,Agüero,2-91,218.8,234.79,415.36,150.857
MCI,NEW,17.08.2014,CS,,1-2,437.2,303.87,412.24,259.91
MCI,LIV,25.08.2014,CG,Jovetic,1-40,558.88,270.9,400.8,108.997
MCI,LIV,25.08.2014,CG,Jovetic,2-54,289.52,328.99,358.16,130.41
MCI,LIV,25.08.2014,CG,Agüero,2-68,563.04,319.57,418.48,160.034
MCI,STK,30.08.2014,,,,,,,
MCI,ARS,13.09.2014,CG,Agüero,1-27,427.84,292.88,419.52,155.848
MCI,ARS,13.09.2014,G,Demichelis,2-82,355.04,303.87,424.72,127.351
MCI,ARS,13.09.2014,CO,,2-58,243.76,311.72,468.4,156.492
MCI,ARS,13.09.2014,CS,,1-31,502.72,241.07,459.04,198.68
MCI,ARS,13.09.2014,CS,,2-93,445.52,330.56,400.8,237.93
MCI,CHE,21.09.2014,CG,Lampard,2-84,313.44,332.13,345.68,150.857
MCI,HUL,27.09.2014,CG,Agüero,1-6,501.68,281.89,335.28,154.882
MCI,HUL,27.09.2014,G,Dzeko,1-10,148.08,438.89,408.08,112.056
MCI,HUL,27.09.2014,G,Dzeko,2-67,201.12,318,418.48,158.907
MCI,HUL,27.09.2014,CG,Lampard,2-86,429.92,294.45,380,133.469
MCI,AST,04.10.2014,G,Touré,2-81,295.76,460.87,343.6,154.882
MCI,AST,04.10.2014,G,Agüero,2-87,419.52,442.03,419.52,140.553
MCI,AST,04.10.2014,CS,,2-47,407.04,357.25,363.36,200.25
MCI,AST,04.10.2014,CO,,2-46,283.28,333.7,434.08,153.916
MCI,TOT,18.10.2014,G,Agüero,1-12,203.2,325.85,417.44,147.798
MCI,TOT,18.10.2014,CG,Agüero,1-19,380,341.55,333.2,149.73
MCI,TOT,18.10.2014,CG,Agüero,2-67,380,341.55,336.32,145.705
MCI,TOT,18.10.2014,G,Agüero,2-74,544.32,346.26,335.28,158.907
MCI,TOT,18.10.2014,CO,,1-31,409.12,302.3,411.2,82.754
MCI,TOT,18.10.2014,CS,,1-32,521.44,237.93,442.4,190.83
MCI,TOT,18.10.2014,CS,,1-31,380,341.55,391.44,184.55
MCI,WHU,25.10.2014,G,Silva,2-76,537.04,383.94,335.28,140.553
MCI,WHU,25.10.2014,CS,,2-59,185.52,267.76,338.4,198.68
MCI,WHU,25.10.2014,CS,,2-64,415.36,267.76,412.24,164.14
MCI,WHU,25.10.2014,CO,,2-64,402.88,263.05,401.84,95.795
MCI,MUN,02.11.2014,CG,Agüero,2-62,294.72,296.02,385.2,125.258
MCI,MUN,02.11.2014,CO,,2-90,378.96,270.9,343.6,73.738
MCI,MUN,02.11.2014,CS,,1-20,409.12,294.45,402.88,266.19
MCI,MUN,02.11.2014,CS,,1-20,464.24,285.03,406,186.12
MCI,QPR,08.11.2014,G,Agüero,1-31,286.4,288.17,347.76,154.882
MCI,QPR,08.11.2014,CG,Agüero,2-82,445.52,297.59,340.48,134.435
MCI,SWA,22.11.2014,CG,Jovetic,1-18,415.36,223.8,367.52,146.671
MCI,SWA,22.11.2014,CG,Touré,2-61,488.16,236.36,387.28,158.907
MCI,SOU,30.11.2014,G,Touré,2-50,316.56,493.84,361.28,156.975
MCI,SOU,30.11.2014,G,Lampard,2-79,350.88,440.46,339.44,155.848
MCI,SOU,30.11.2014,CG,Clichy,2-87,461.12,264.62,335.28,104.972
MCI,SOU,30.11.2014,CS,,2-83,471.52,344.69,462.16,328.99
MCI,SOU,30.11.2014,CO,,2-68,419.52,198.68,397.68,55.867
MCI,SUN,03.12.2014,G,Agüero,1-20,544.32,393.36,417.44,131.376
MCI,SUN,03.12.2014,G,Jovetic,1-38,320.72,352.54,374.8,156.975
MCI,SUN,03.12.2014,CG,Zabaleta,2-54,512.08,236.36,333.2,146.671
MCI,SUN,03.12.2014,G,Agüero,2-70,442.4,311.72,424.72,154.882
MCI,EVE,06.12.2014,CG,Touré,1-23,380,341.55,333.2,152.789
MCI,EVE,06.12.2014,CO,,2-77,314.48,336.84,269.76,33.488
MCI,EVE,06.12.2014,CS,,2-49,320.72,311.72,361.28,170.42
MCI,LEI,13.12.2014,CG,Lampard,1-39,324.88,256.77,399.76,160.034
MCI,CRY,20.12.2014,G,Silva,2-48,471.52,357.25,345.68,149.73
MCI,CRY,20.12.2014,G,Silva,2-60,314.48,291.31,393.52,155.848
MCI,CRY,20.12.2014,G,Touré,2-80,245.84,310.15,335.28,112.056
MCI,CRY,20.12.2014,CO,,1-42,466.32,281.89,309.28,149.891
MCI,WBA,26.12.2014,G,Reges,1-7,350.88,189.26,386.24,139.587
MCI,WBA,26.12.2014,CG,Touré,1-12,380,341.55,332.16,151.823
MCI,WBA,26.12.2014,G,Silva,1-33,494.4,324.28,342.56,157.941
MCI,WBA,26.12.2014,CS,,1-6,417.44,223.8,412.24,179.84
MCI,BUR,28.12.2014,G,Silva,1-22,486.08,302.3,418.48,160.034
MCI,BUR,28.12.2014,G,Luiz Ros,1-33,342.56,492.27,420.56,104.006
MCI,BUR,28.12.2014,CO,,1-12,449.68,230.08,412.24,44.758
MCI,SUN,01.01.2015,G,Touré,2-56,284.32,509.54,351.92,101.913
MCI,SUN,01.01.2015,CG,Jovetic,2-65,308.24,223.8,385.2,155.848
MCI,SUN,01.01.2015,G,Lampard,2-72,348.8,325.85,334.24,150.857
MCI,SUN,01.01.2015,CO,,2-68,577.6,231.65,438.24,158.907
MCI,SUN,01.01.2015,CS,,2-81,544.32,283.46,487.12,220.66
MCI,SUN,01.01.2015,CS,,2-85,425.76,335.27,400.8,200.25
MCI,SUN,01.01.2015,CS,,2-92,340.48,355.68,402.88,231.65
MCI,EVE,10.01.2015,CG,Luiz Rosa,2-73,359.2,219.09,332.16,145.705
MCI,ARS,18.01.2015,,,,,,,
MCI,CHE,31.01.2015,CG,Silva,1-44,413.28,239.5,404.96,157.941
MCI,HUL,07.02.2015,G,Milner,2-91,476.72,536.23,423.68,131.376
MCI,STK,11.02.2015,G,Agüero,1-32,597.36,324.28,344.64,156.975
MCI,STK,11.02.2015,CG,Milner,2-54,425.76,313.29,339.44,147.798
MCI,STK,11.02.2015,CG,Agüero,2-69,381.04,339.98,412.24,146.671
MCI,STK,11.02.2015,G,Nasri,2-75,352.96,442.03,332.16,147.798
MCI,STK,11.02.2015,CO,,1-44,427.84,272.47,286.4,158.746
MCI,NEW,21.02.2015,CG,Agüero,1-1,380,341.55,413.28,160.034
MCI,NEW,21.02.2015,CG,Nasri,1-11,336.32,292.88,348.8,107.065
MCI,NEW,21.02.2015,CG,Dzeko,1-20,432,294.45,365.44,129.444
MCI,NEW,21.02.2015,CG,Silva,2-50,417.44,324.28,333.2,156.975
MCI,NEW,21.02.2015,G,Silva,2-52,235.44,445.17,426.8,160.034
MCI,NEW,21.02.2015,CS,,2-71,348.8,382.37,351.92,347.83
MCI,NEW,21.02.2015,CS,,2-75,398.72,442.03,400.8,327.42
MCI,LIV,01.03.2015,CG,Dzeko,1-24,455.92,336.84,355.04,157.941
MCI,LIV,01.03.2015,CO,,2-45,391.44,275.61,412.24,80.5
MCI,LEI,04.03.2015,CG,Silva,1-46,412.24,198.68,421.6,158.907
MCI,LEI,04.03.2015,CG,Milner,2-87,393.52,277.18,361.28,154.882
MCI,LEI,04.03.2015,CO,,1-41,318.64,292.88,302,91.609
MCI,BUR,14.03.2015,CO,,2-80,318.64,277.18,394.56,55.867
MCI,WBA,21.03.2015,CG,Bony,1-26,336.32,291.31,348.8,108.997
MCI,WBA,21.03.2015,CG,Reges,1-39,421.6,228.51,423.68,158.907
MCI,WBA,21.03.2015,CG,Silva,2-76,336.32,231.65,345.68,160.034
MCI,WBA,21.03.2015,CS,,2-54,402.88,189.26,403.92,171.99
MCI,CRY,06.04.2015,G,Touré,2-77,544.32,457.73,338.4,149.73
MCI,MUN,12.04.2015,CG,Agüero,1-7,393.52,201.82,375.84,152.789
MCI,MUN,12.04.2015,CG,Agüero,2-88,433.04,303.87,335.28,151.823
MCI,WHU,19.04.2015,CG,Agüero,1-35,445.52,303.87,391.44,158.907
MCI,WHU,19.04.2015,CB,,2-48,247.92,281.89,258.32,259.91
MCI,AST,25.04.2015,CG,Agüero,1-2,324.88,294.45,364.4,158.907
MCI,AST,25.04.2015,G,Kolarov,2-65,228.16,556.64,337.36,148.764
MCI,AST,25.04.2015,G,Luiz Rosa,2-88,435.12,266.19,369.6,155.848
MCI,AST,25.04.2015,CO,,1-16,423.68,297.59,282.24,147.637
MCI,TOT,03.05.2015,CG,Agüero,1-28,539.12,283.46,418.48,107.065
MCI,TOT,03.05.2015,CO,,2-61,295.76,228.51,289.52,131.859
MCI,QPR,10.05.2015,CG,Agüero,1-3,310.32,283.46,375.84,153.916
MCI,QPR,10.05.2015,G,Kolarov,1-31,332.16,528.38,347.76,154.882
MCI,QPR,10.05.2015,CG,Agüero,2-49,383.12,434.18,407.04,160.034
MCI,QPR,10.05.2015,CG,Agüero,2-64,380,341.55,343.6,135.562
MCI,QPR,10.05.2015,CG,Milner,2-69,336.32,178.27,360.24,158.907
MCI,QPR,10.05.2015,CG,Silva,2-86,433.04,225.37,413.28,155.848
MCI,QPR,10.05.2015,CO,,1-15,464.24,198.68,417.44,204.96
MCI,QPR,10.05.2015,CS,,2-60,421.6,388.65,391.44,266.19
MCI,SWA,17.05.2015,G,Touré,1-20,533.92,390.22,417.44,130.41
MCI,SWA,17.05.2015,CG,Milner,1-35,211.52,291.31,421.6,158.907
MCI,SWA,17.05.2015,G,Touré,2-73,565.12,438.89,408.08,147.798
MCI,SWA,17.05.2015,G,Bony,2-91,427.84,396.5,422.64,158.907
MCI,SWA,17.05.2015,CS,,2-66,332.16,226.94,342.56,200.25
MCI,SOU,24.05.2015,G,Lampard,1-30,402.88,302.3,382.08,105.938
MCI,SOU,24.05.2015,CG,Agüero,2-87,400.8,178.27,402.88,148.764
MCI,SOU,24.05.2015,CS,,1-32,468.4,357.25,430.96,255.2
MCI,SOU,24.05.2015,CS,,1-23,409.12,263.05,402.88,212.81
ARS,CRY,16.08.2014,CG,Koscielny,1-45,367.52,296.02,337.36,148.764
ARS,CRY,16.08.2014,CG,Ramsey,2-90,370.64,197.11,371.68,130.41
ARS,CRY,16.08.2014,CS,,2-90,378.96,269.33,393.52,161
ARS,EVE,23.08.2014,CG,Ramsey,2-82,390.4,211.24,388.32,158.907
ARS,EVE,23.08.2014,G,Giroud,2-89,361.28,278.75,333.2,134.435
ARS,EVE,23.08.2014,CO,,2-45,286.4,233.22,383.12,58.121
ARS,LEI,31.08.2014,CG,Sánchez,1-19,395.6,267.76,380,154.882
ARS,LEI,31.08.2014,CS,,1-19,498.56,278.75,452.8,241.07
ARS,LEI,31.08.2014,CS,,2-56,271.84,303.87,288.48,275.61
ARS,LEI,31.08.2014,CS,,2-54,291.6,275.61,361.28,179.84
ARS,MCI,13.09.2014,CG,Wilsher,2-62,501.68,214.38,411.2,111.09
ARS,MCI,13.09.2014,CG,Sánchez,2-73,297.84,325.85,421.6,119.301
ARS,MCI,13.09.2014,CS,,2-69,532.88,336.84,517.28,313.29
ARS,MCI,13.09.2014,CO,,1-11,462.16,376.09,325.92,144.739
ARS,MCI,13.09.2014,CO,,2-76,435.12,303.87,544.32,158.746
ARS,AST,20.09.2014,CG,Özil,1-32,377.92,394.93,362.32,160.034
ARS,AST,20.09.2014,CG,Welbeck,1-33,367.52,239.5,372.72,115.115
ARS,TOT,27.09.2014,CG,Oxlade-Chamberlain,2-73,414.32,267.76,361.28,108.997
ARS,CHE,05.10.2014,,,,,,,
ARS,HUL,18.10.2014,G,Sánchez,1-12,609.84,272.47,341.52,158.907
ARS,HUL,18.10.2014,G,Welbeck,2-90,288.48,341.55,423.68,154.882
ARS,HUL,18.10.2014,CS,,1-6,466.32,226.94,451.76,204.96
ARS,HUL,18.10.2014,CS,,2-95,356.08,256.77,342.56,168.85
ARS,SUN,25.10.2014,CG,Sánchez,1-29,412.24,398.07,404.96,155.848
ARS,SUN,25.10.2014,CG,Sánchez,2-91,445.52,198.68,422.64,148.764
ARS,BUR,01.11.2014,G,Sánchez,2-69,352.96,278.75,396.64,149.73
ARS,BUR,01.11.2014,CG,Chambers,2-71,381.04,226.94,380,156.975
ARS,BUR,01.11.2014,CG,Sánchez,2-90,391.44,230.08,411.2,157.941
ARS,BUR,01.11.2014,CS,,2-83,417.44,241.07,403.92,168.85
ARS,BUR,01.11.2014,CB,,2-65,373.76,270.9,374.8,226.94
ARS,SWA,09.11.2014,CG,Sánchez,2-62,357.12,291.31,374.8,154.882
ARS,SWA,09.11.2014,CS,,1-43,507.92,302.3,417.44,195.54
ARS,SWA,09.11.2014,CS,,2-45,468.4,368.24,412.24,237.93
ARS,MUN,22.11.2014,G,Giroud,2-94,213.6,438.89,335.28,108.997
ARS,MUN,22.11.2014,CS,,1-13,413.28,299.16,403.92,204.96
ARS,MUN,22.11.2014,CS,,1-21,144.96,346.26,182.4,319.57
ARS,WBA,29.11.2014,G,Welbeck,2-59,358.16,288.17,347.76,107.065
ARS,SOU,03.12.2014,CG,Sánchez,2-88,374.8,272.47,360.24,154.882
ARS,SOU,03.12.2014,CO,,1-6,165.76,289.74,286.4,125.258
ARS,SOU,03.12.2014,CS,,2-86,433.04,291.31,372.72,171.99
ARS,SOU,03.12.2014,CS,,2-90,252.08,266.19,278.08,225.37
ARS,STK,06.12.2014,CG,Cazorla,2-67,380,341.55,346.72,154.882
ARS,STK,06.12.2014,G,Ramsey,2-69,257.28,330.56,394.56,155.848
ARS,STK,06.12.2014,CO,,1-10,285.36,280.32,315.52,136.367
ARS,STK,06.12.2014,CO,,2-56,502.72,208.1,437.2,149.73
ARS,NEW,13.12.2014,G,Giroud,1-14,370.64,311.72,426.8,123.326
ARS,NEW,13.12.2014,CG,Cazorla,2-53,215.68,212.81,427.84,133.469
ARS,NEW,13.12.2014,CG,Giroud,2-57,473.6,215.95,415.36,107.065
ARS,NEW,13.12.2014,CG,Cazorla,2-87,380,341.55,380,143.612
ARS,LIV,21.12.2014,G,Debuchy,1-46,347.76,245.78,335.28,120.267
ARS,LIV,21.12.2014,CG,Giroud,2-64,302,280.32,360.24,160.034
ARS,QPR,26.12.2014,CG,Sánchez,1-36,421.6,286.6,399.76,144.739
ARS,QPR,26.12.2014,CG,Rosicky,2-64,504.8,352.54,370.64,156.975
ARS,QPR,26.12.2014,CS,,1-8,380,341.55,403.92,168.85
ARS,WHU,28.12.2014,CG,Cazorla,1-40,380,341.55,340.48,157.941
ARS,WHU,28.12.2014,CG,Welbeck,1-43,364.4,219.09,380,152.789
ARS,WHU,28.12.2014,CO,,1-16,415.36,275.61,174.08,138.621
ARS,WHU,28.12.2014,CS,,2-73,352.96,280.32,349.84,171.99
ARS,SOU,01.01.2015,CS,,1-19,372.72,346.26,374.8,165.71
ARS,STK,11.01.2015,CG,Koscielny,1-5,361.28,291.31,418.48,155.848
ARS,STK,11.01.2015,G,Sánchez,1-32,205.28,318,336.32,156.975
ARS,STK,11.01.2015,G,Sánchez,2-48,234.4,445.17,333.2,160.034
ARS,STK,11.01.2015,CO,,2-66,520.4,214.38,331.12,96.761
ARS,STK,11.01.2015,CO,,2-79,442.4,440.46,274.96,156.492
ARS,MCI,18.01.2015,CG,Cazorla,1-23,380,341.55,418.48,130.41
ARS,MCI,18.01.2015,CG,Giroud,2-66,395.6,314.86,346.72,151.823
ARS,AST,01.02.2015,CG,Giroud,1-7,318.64,380.8,412.24,155.848
ARS,AST,01.02.2015,G,Özil,2-55,231.28,387.08,426.8,160.034
ARS,AST,01.02.2015,G,Walcott,2-62,342.56,382.37,422.64,152.789
ARS,AST,01.02.2015,CG,Cazorla,2-74,380,341.55,422.64,144.739
ARS,AST,01.02.2015,G,Bellerin,2-91,537.04,512.68,337.36,156.975
ARS,AST,01.02.2015,CS,,2-90,276,333.7,363.36,200.25
ARS,TOT,07.02.2015,CG,Özil,1-10,341.52,283.46,399.76,126.385
ARS,LEI,10.02.2015,CG,Koscielny,1-26,421.6,263.05,426.8,160.034
ARS,LEI,10.02.2015,CG,Walcott,1-40,466.32,291.31,335.28,151.823
ARS,LEI,10.02.2015,CS,,1-15,482.96,280.32,468.4,255.2
ARS,CRY,21.02.2015,CG,Cazorla,1-7,376.88,341.55,415.36,157.941
ARS,CRY,21.02.2015,CG,Giroud,1-45,357.12,245.78,415.36,149.73
ARS,CRY,21.02.2015,CO,,2-56,221.92,297.59,475.68,151.984
ARS,CRY,21.02.2015,CS,,1-45,222.96,245.78,323.84,184.55
ARS,EVE,01.03.2015,G,Giroud,1-38,417.44,335.27,340.48,157.941
ARS,EVE,01.03.2015,G,Rosicky,2-88,387.28,518.96,364.4,151.823
ARS,EVE,01.03.2015,CO,,1-26,373.76,275.61,315.52,145.383
ARS,EVE,01.03.2015,CO,,2-91,452.8,283.46,247.92,149.891
ARS,QPR,04.03.2015,CG,Giroud,2-63,302,204.96,360.24,158.907
ARS,QPR,04.03.2015,G,Sánchez,2-68,201.12,214.38,333.2,158.907
ARS,QPR,04.03.2015,CO,,2-46,373.76,208.1,23.28,170.42
ARS,WHU,14.03.2015,G,Giroud,1-45,534.96,335.27,337.36,123.326
ARS,WHU,14.03.2015,CG,Ramsey,2-80,468.4,314.86,399.76,127.351
ARS,WHU,14.03.2015,CG,Flamini,2-83,417.44,203.39,383.12,141.68
ARS,WHU,14.03.2015,CO,,1-42,519.36,259.91,482.96,60.375
ARS,WHU,14.03.2015,CS,,1-26,386.24,300.73,372.72,170.42
ARS,WHU,14.03.2015,CS,,1-32,493.36,308.58,436.16,190.83
ARS,NEW,21.03.2015,G,Giroud,1-23,401.84,285.03,427.84,155.848
ARS,NEW,21.03.2015,G,Giroud,1-27,375.84,255.2,333.2,156.975
ARS,NEW,21.03.2015,CS,,2-78,220.88,189.26,272.88,171.99
ARS,LIV,04.04.2015,G,Bellerin,1-36,488.16,341.55,337.36,154.882
ARS,LIV,04.04.2015,G,Özil,1-39,502.72,529.95,334.24,138.621
ARS,LIV,04.04.2015,G,Sánchez,1-44,372.72,457.73,357.12,112.056
ARS,LIV,04.04.2015,G,Giroud,2-90,429.92,454.59,335.28,123.326
ARS,LIV,04.04.2015,CS,,1-4,357.12,383.94,374.8,223.8
ARS,BUR,11.04.2015,CG,Ramsey,1-11,425.76,278.75,421.6,108.031
ARS,CHE,26.04.2015,CO,,2-90,318.64,255.2,393.52,244.21
ARS,HUL,04.05.2015,G,Sánchez,1-27,175.12,484.42,402.88,117.208
ARS,HUL,04.05.2015,G,Ramsey,1-32,427.84,376.09,348.8,129.444
ARS,HUL,04.05.2015,CG,Sánchez,1-45,498.56,313.29,358.16,160.034
ARS,HUL,04.05.2015,CS,,1-44,235.44,344.69,250,319.57
ARS,HUL,04.05.2015,CB,,2-84,350.88,291.31,359.2,223.8
ARS,SWA,11.05.2015,CS,,2-77,402.88,341.55,385.2,189.26
ARS,SWA,11.05.2015,CS,,2-77,355.04,319.57,377.92,182.98
ARS,MUN,17.05.2015,CS,,2-62,314.48,248.92,326.96,231.65
ARS,MUN,17.05.2015,CO,,2-83,283.28,236.36,316.56,118.496
ARS,SUN,20.05.2015,CO,,2-71,534.96,258.34,359.2,178.27
ARS,WBA,24.05.2015,G,Walcott,1-3,595.28,299.16,345.68,107.065
ARS,WBA,24.05.2015,G,Walcott,1-13,415.36,303.87,424.72,160.034
ARS,WBA,24.05.2015,G,Wilshere,1-16,510,473.43,426.8,108.997
ARS,WBA,24.05.2015,CG,Walcott,1-36,423.68,171.99,426.8,158.907
ARS,WBA,24.05.2015,CO,,2-52,501.68,247.35,436.16,49.266
MUN,ARS,17.05.2015,G,Herrera,1-29,471.52,297.59,418.48,157.941
MUN,CRY,09.05.2015,CG,Mata,1-18,380,341.55,333.2,154.882
MUN,CRY,09.05.2015,CG,Fellaini,2-77,426.8,230.08,415.36,155.848
MUN,CRY,09.05.2015,CO,,2-76,326.96,303.87,404.96,24.633
MUN,WBA,02.05.2015,CO,,2-75,312.4,267.76,293.68,131.859
MUN,WBA,02.05.2015,CS,,2-73,380,341.55,400.8,170.42
MUN,MCI,12.04.2015,CG,Young,1-13,318.64,201.82,403.92,105.938
MUN,MCI,12.04.2015,CG,Fellaini,1-26,440.32,231.65,387.28,135.562
MUN,MCI,12.04.2015,CG,Mata,2-66,209.44,267.76,385.2,157.941
MUN,MCI,12.04.2015,CG,Smalling,2-72,415.36,263.05,399.76,112.056
MUN,MCI,12.04.2015,CO,,2-58,342.56,294.45,363.36,239.5
MUN,MCI,12.04.2015,CB,,1-13,329.04,275.61,335.28,258.34
MUN,AST,04.04.2015,G,Herrera,1-42,226.08,368.24,410.16,158.907
MUN,AST,04.04.2015,G,Rooney,2-78,334.24,391.79,336.32,111.09
MUN,AST,04.04.2015,G,Herrera,2-91,428.88,402.78,419.52,158.907
MUN,AST,04.04.2015,CB,,1-9,389.36,313.29,396.64,189.26
MUN,AST,04.04.2015,CS,,2-61,328,230.08,368.56,171.99
MUN,LIV,22.03.2015,G,Mata,2-58,518.32,319.57,334.24,144.739
MUN,LIV,22.03.2015,CG,Mata,1-13,538.08,291.31,333.2,150.857
MUN,LIV,22.03.2015,CS,,2-93,380,341.55,349.84,171.99
MUN,TOT,15.03.2015,G,Fellaini,1-8,205.28,322.71,423.68,154.882
MUN,TOT,15.03.2015,G,Carrick,1-18,273.92,341.55,427.84,148.764
MUN,TOT,15.03.2015,CG,Rooney,1-33,355.04,372.95,334.24,156.975
MUN,NEW,04.03.2015,CG,Young,2-88,289.52,318,338.4,158.907
MUN,NEW,04.03.2015,CO,,1-25,440.32,322.71,293.68,156.492
MUN,NEW,04.03.2015,CS,,2-53,276,206.53,321.76,178.27
MUN,NEW,04.03.2015,CS,,1-43,254.16,289.74,347.76,192.4
MUN,NEW,04.03.2015,CS,,2-53,498.56,310.15,443.44,217.52
MUN,SUN,28.02.2015,CG,Rooney,2-83,378.96,241.07,377.92,118.174
MUN,SUN,28.02.2015,CG,Rooney,2-65,380,341.55,334.24,156.975
MUN,SUN,28.02.2015,CS,,2-90,342.56,291.31,349.84,264.62
MUN,SWA,21.02.2015,G,Herrera,1-27,511.04,371.38,338.4,157.941
MUN,SWA,21.02.2015,CO,,2-64,414.32,231.65,298.88,47.012
MUN,BUR,11.02.2015,G,Smalling,1-5,333.2,228.51,423.68,141.68
MUN,BUR,11.02.2015,CG,Smalling,1-47,308.24,237.93,336.32,139.587
MUN,BUR,11.02.2015,CG,van Persie,2-81,380,341.55,335.28,149.73
MUN,WHU,08.02.2015,G,Blind,2-91,409.12,385.51,421.6,153.916
MUN,WHU,08.02.2015,CO,,2-76,335.28,305.44,262.48,156.492
MUN,LEI,31.01.2015,CG,van Persie,1-26,458,296.02,333.2,132.503
MUN,LEI,31.01.2015,CG,Garcia,1-31,378.96,225.37,375.84,156.975
MUN,LEI,31.01.2015,CO,,2-83,195.92,328.99,323.84,22.379
MUN,QPR,17.01.2015,G,Fellaini,2-57,432,346.26,358.16,108.997
MUN,QPR,17.01.2015,CG,Wilson,2-93,510,311.72,334.24,149.73
MUN,QPR,17.01.2015,CS,,2-55,322.8,239.5,366.48,178.27
MUN,QPR,17.01.2015,CS,,1-12,265.6,311.72,329.04,203.39
MUN,SOU,11.01.2015,CO,,2-77,548.48,267.76,293.68,156.492
MUN,SOU,11.01.2015,CO,,2-77,548.48,267.76,293.68,156.492
MUN,STK,01.01.2015,CG,Garcia,1-25,374.8,241.07,390.4,144.739
MUN,TOT,28.12.2014,CO,,2-67,455.92,296.02,404.96,6.762
MUN,TOT,28.12.2014,CO,,2-54,453.84,277.18,416.4,40.25
MUN,TOT,28.12.2014,CS,,1-38,417.44,201.82,417.44,192.4
MUN,TOT,28.12.2014,CS,,1-18,314.48,339.98,361.28,184.55
MUN,NEW,26.12.2014,CG,Rooney,1-22,355.04,261.48,369.6,156.975
MUN,NEW,26.12.2014,CG,Rooney,1-35,307.2,379.23,334.24,146.671
MUN,NEW,26.12.2014,CG,van Persie,2-52,319.68,296.02,409.12,141.68
MUN,AST,20.12.2014,G,Garcia,2-52,410.16,285.03,356.08,124.292
MUN,AST,20.12.2014,CS,,2-49,235.44,336.84,305.12,226.94
MUN,LIV,14.12.2014,G,Rooney,1-11,415.36,393.36,411.2,154.882
MUN,LIV,14.12.2014,CG,Mata,1-39,436.16,206.53,417.44,149.73
MUN,LIV,14.12.2014,CG,van Persie,2-70,510,341.55,393.52,160.034
MUN,LIV,14.12.2014,CO,,2-63,461.12,296.02,453.84,151.984
MUN,SOU,08.12.2014,CG,van Persie,1-11,193.84,307.01,421.6,158.907
MUN,SOU,08.12.2014,CG,van Persie,2-70,448.64,226.94,352.96,140.553
MUN,STK,02.12.2014,G,Mata,2-58,838.64,482.85,333.2,121.233
MUN,STK,02.12.2014,CG,Fellaini,1-20,458,255.2,375.84,141.68
MUN,STK,02.12.2014,CO,,1-15,446.56,382.37,362.32,51.359
MUN,STK,02.12.2014,CO,,2-69,511.04,374.52,459.04,145.383
MUN,STK,02.12.2014,CS,,1-41,454.88,231.65,428.88,195.54
MUN,HUL,29.11.2014,G,Smalling,1-15,311.36,212.81,362.32,154.882
MUN,HUL,29.11.2014,G,Rooney,1-41,414.32,523.67,333.2,153.916
MUN,HUL,29.11.2014,G,van Persie,2-65,257.28,468.72,341.52,108.997
MUN,HUL,29.11.2014,CB,,2-90,421.6,319.57,402.88,190.83
MUN,HUL,29.11.2014,CB,,2-90,401.84,206.53,400.8,179.84
MUN,ARS,22.11.2014,CG,Rooney,2-84,308.24,336.84,408.08,148.764
MUN,ARS,22.11.2014,CO,,2-93,329.04,407.49,466.32,151.984
MUN,CRY,08.11.2014,CG,Mata,2-66,560.96,517.39,423.68,124.292
MUN,MCI,02.11.2014,CO,,2-77,429.92,291.31,225.04,147.637
MUN,CHE,26.10.2014,CG,van Persie,2-93,404.96,275.61,366.48,135.562
MUN,CHE,26.10.2014,CS,,1-3,280.16,217.52,295.76,203.39
MUN,WBA,20.10.2014,G,Fellaini,2-47,530.8,372.95,398.72,110.124
MUN,WBA,20.10.2014,G,Blind,2-86,300.96,537.8,345.68,158.907
MUN,EVE,05.10.2014,G,Di María,1-26,344.64,396.5,416.4,146.671
MUN,EVE,05.10.2014,CG,Garcia,2-61,440.32,286.6,372.72,133.469
MUN,EVE,05.10.2014,CO,,1-6,330.08,319.57,387.28,35.742
MUN,EVE,05.10.2014,CS,,1-3,411.2,291.31,410.16,178.27
MUN,WHU,27.09.2014,G,Rooney,1-4,465.28,307.01,335.28,137.494
MUN,WHU,27.09.2014,G,van Persie,1-21,560.96,280.32,337.36,160.034
MUN,LEI,21.09.2014,CG,van Persie,1-12,474.64,236.36,391.44,144.739
MUN,LEI,21.09.2014,G,Di María,1-15,295.76,388.65,389.36,146.671
MUN,LEI,21.09.2014,G,Herrera,2-56,310.32,310.15,377.92,156.975
MUN,LEI,21.09.2014,CO,,1-41,409.12,223.8,380,31.234
MUN,LEI,21.09.2014,CS,,1-10,280.16,307.01,310.32,270.9
MUN,QPR,14.09.2014,G,Di María,1-23,655.6,592.75,337.36,134.435
MUN,QPR,14.09.2014,G,Herrera,1-35,411.2,451.45,341.52,155.848
MUN,QPR,14.09.2014,G,Rooney,1-43,250,404.35,339.44,160.034
MUN,QPR,14.09.2014,CG,Mata,2-57,481.92,292.88,380,113.183
MUN,QPR,14.09.2014,CS,,2-64,264.56,299.16,347.76,200.25
MUN,QPR,14.09.2014,CS,,2-83,500.64,297.59,452.8,245.78
MUN,QPR,14.09.2014,CS,,2-89,476.72,357.25,410.16,212.81
MUN,SUN,24.08.2014,CG,Mata,1-16,348.8,209.67,356.08,156.975
MUN,SWA,16.08.2014,CG,Rooney,2-52,342.56,241.07,344.64,141.68
TOT,WHU,16.08.2014,CG,Dier,2-92,254.16,311.72,384.16,155.848
TOT,QPR,24.08.2014,CG,Chadli,1-11,460.08,209.67,344.64,130.41
TOT,QPR,24.08.2014,CG,Chadli,1-36,407.04,288.17,345.68,150.857
TOT,QPR,24.08.2014,CG,Adebayor,2-64,407.04,333.7,415.36,154.882
TOT,QPR,24.08.2014,G,Dier,1-29,468.4,223.8,418.48,116.242
TOT,LIV,31.08.2014,CO,,1-8,514.16,319.57,419.52,82.754
TOT,SUN,13.09.2014,CG,Chadli,1-1,237.52,294.45,421.6,155.848
TOT,SUN,13.09.2014,CG,Eriksen,2-47,359.2,200.25,343.6,140.553
TOT,SUN,13.09.2014,CS,,1-5,367.52,307.01,366.48,241.07
TOT,ARS,27.09.2014,CG,Chadli,2-55,504.8,291.31,340.48,158.907
TOT,SOU,05.10.2014,CO,,1-42,255.2,336.84,435.12,155.848
TOT,MCI,18.10.2014,CG,Eriksen,1-14,547.44,354.11,355.04,113.183
TOT,MCI,18.10.2014,CS,,2-63,426.8,316.43,387.28,195.54
TOT,MCI,18.10.2014,CS,,2-61,380,341.55,374.8,178.27
TOT,MCI,18.10.2014,CS,,1-7,332.16,330.56,349.84,272.47
TOT,NEW,26.10.2014,CG,Adebayor,1-17,421.6,244.21,340.48,125.258
TOT,NEW,26.10.2014,CO,,1-43,304.08,313.29,416.4,15.617
TOT,NEW,26.10.2014,CS,,2-68,412.24,308.58,393.52,189.26
TOT,NEW,26.10.2014,CB,,2-52,278.08,300.73,321.76,255.2
TOT,AST,02.11.2014,G,Kane,2-89,468.4,536.23,371.68,127.351
TOT,AST,02.11.2014,CG,Chadli,2-83,308.24,214.38,402.88,158.907
TOT,AST,02.11.2014,CO,,1-11,423.68,272.47,455.92,140.875
TOT,AST,02.11.2014,CS,,1-22,346.72,201.82,335.28,162.57
TOT,AST,02.11.2014,CS,,1-26,427.84,393.36,406,267.76
TOT,STK,09.11.2014,G,Chadli,2-76,511.04,220.66,416.4,114.149
TOT,STK,09.11.2014,CS,,1-3,319.68,190.83,385.2,161
TOT,HUL,23.11.2014,G,Eriksen,2-89,455.92,484.42,345.68,147.637
TOT,HUL,23.11.2014,CG,Kane,2-60,347.76,303.87,375.84,150.857
TOT,HUL,23.11.2014,CO,,2-65,432,313.29,308.24,158.746
TOT,HUL,23.11.2014,CO,,2-67,350.88,228.51,298.88,111.734
TOT,EVE,30.11.2014,CG,Eriksen,1-20,286.4,297.59,421.6,144.739
TOT,EVE,30.11.2014,CG,Soldado,1-45,556.8,328.99,345.68,155.848
TOT,CRY,06.12.2014,CO,,1-32,372.72,281.89,383.12,47.012
TOT,SWA,14.12.2014,G,Kane,1-3,357.12,289.74,359.2,153.916
TOT,SWA,14.12.2014,G,Eriksen,2-88,308.24,396.5,336.32,156.492
TOT,SWA,14.12.2014,CS,,2-90,211.52,294.45,314.48,236.36
TOT,BUR,20.12.2014,CG,Kane,1-20,389.36,220.66,422.64,144.739
TOT,BUR,20.12.2014,G,Lamela,1-34,620.24,537.8,333.2,133.469
TOT,BUR,20.12.2014,CO,,1-29,245.84,237.93,348.8,20.125
TOT,LEI,26.12.2014,CG,Kane,1-0,334.24,230.08,421.6,147.637
TOT,LEI,26.12.2014,G,Eriksen,2-70,38.88,536.23,338.4,138.621
TOT,LEI,26.12.2014,CO,,1-45,387.28,248.92,461.12,154.238
TOT,MUN,28.12.2014,CO,,2-81,276,278.75,419.52,37.996
TOT,CHE,01.01.2015,G,Kane,1-29,360.24,555.07,336.32,156.492
TOT,CHE,01.01.2015,CG,Rose,1-43,312.4,310.15,342.56,156.975
TOT,CHE,01.01.2015,CG,Townsend,1-48,380,341.55,423.68,157.941
TOT,CHE,01.01.2015,G,Kane,2-51,207.36,366.67,419.52,153.916
TOT,CHE,01.01.2015,G,Chadli,2-77,257.28,366.67,424.72,147.637
TOT,CHE,01.01.2015,CO,,1-43,520.4,387.08,326.96,158.907
TOT,CRY,10.01.2015,G,Kane,2-48,492.32,412.2,338.4,156.492
TOT,CRY,10.01.2015,CO,,1-21,393.52,250.49,444.48,143.129
TOT,SUN,17.01.2015,G,Eriksen,2-87,364.4,451.45,344.64,158.907
TOT,WBA,31.01.2015,G,Eriksen,1-5,195.92,520.53,350.88,107.065
TOT,WBA,31.01.2015,G,Kane,1-14,291.6,366.67,364.4,134.435
TOT,WBA,31.01.2015,CG,Kane,2-63,377.92,343.12,333.2,160.034
TOT,ARS,07.02.2015,G,Kane,2-55,310.32,230.08,355.04,157.941
TOT,ARS,07.02.2015,CG,Kane,2-85,425.76,294.45,337.36,126.385
TOT,LIV,10.02.2015,CG,Kane,1-25,470.48,330.56,364.4,125.258
TOT,LIV,10.02.2015,CG,Dembélé,2-60,381.04,200.25,381.04,134.435
TOT,WHU,22.02.2015,G,Rose,2-80,286.4,471.86,423.68,129.444
TOT,WHU,22.02.2015,CG,Kane,2-95,381.04,244.21,382.08,137.494
TOT,WHU,22.02.2015,CO,,1-10,330.08,322.71,438.24,152.789
TOT,WHU,22.02.2015,CS,,2-95,380,341.55,354,171.99
TOT,SWA,04.03.2015,CG,Chadli,1-6,425.76,322.71,342.56,133.469
TOT,SWA,04.03.2015,CG,Mason,2-50,474.64,292.88,364.4,112.056
TOT,SWA,04.03.2015,CG,Townsend,2-59,268.72,286.6,422.64,121.233
TOT,QPR,07.03.2015,CG,Kane,1-33,370.64,270.9,382.08,139.587
TOT,QPR,07.03.2015,CG,Kane,2-67,252.08,286.6,357.12,156.975
TOT,QPR,07.03.2015,CO,,2-46,280.16,261.48,596.32,123.004
TOT,QPR,07.03.2015,CS,,1-5,437.2,230.08,394.56,176.7
TOT,QPR,07.03.2015,CB,,2-58,449.68,341.55,413.28,179.84
TOT,LEI,21.03.2015,G,Kane,1-12,479.84,343.12,341.52,134.435
TOT,LEI,21.03.2015,CG,Kane,1-5,420.56,217.52,390.4,154.882
TOT,LEI,21.03.2015,CG,Kane,2-63,380,341.55,336.32,157.941
TOT,LEI,21.03.2015,CO,,1-22,305.12,339.98,385.2,42.504
TOT,LEI,21.03.2015,CO,,2-71,485.04,220.66,377.92,26.887
TOT,LEI,21.03.2015,CS,,2-84,356.08,316.43,363.36,296.02
TOT,NEW,19.04.2015,G,Chadli,1-29,319.68,628.86,336.32,152.789
TOT,NEW,19.04.2015,G,Eriksen,2-52,-57.84,536.23,424.72,130.41
TOT,NEW,19.04.2015,CG,Kane,2-90,326.96,379.23,422.64,157.941
TOT,NEW,19.04.2015,CO,,2-54,383.12,291.31,419.52,69.391
TOT,NEW,19.04.2015,CS,,2-66,404.96,223.8,398.72,161
TOT,NEW,19.04.2015,CS,,2-74,329.04,372.95,333.2,319.57
TOT,SOU,25.04.2015,G,Lamela,1-42,415.36,266.19,421.6,145.705
TOT,SOU,25.04.2015,G,Chadli,2-69,554.72,244.21,335.28,155.848
TOT,MCI,03.05.2015,CO,,1-1,367.52,270.9,558.88,151.984
TOT,MCI,03.05.2015,CO,,1-17,391.44,281.89,260.4,107.387
TOT,MCI,03.05.2015,CS,,1-42,320.72,267.76,335.28,226.94
TOT,HUL,16.05.2015,CG,Chadli,2-53,481.92,252.06,395.6,158.907
TOT,HUL,16.05.2015,CG,Rose,2-60,366.48,294.45,416.4,105.133
TOT,EVE,24.05.2015,CG,Kane,1-23,390.4,286.6,336.32,143.612
TOT,EVE,24.05.2015,CO,,2-70,375.84,292.88,302,149.891
LIV,SOU,17.08.2014,CG,Sterling,1-22,384.16,387.08,418.48,157.941
LIV,SOU,17.08.2014,CG,Sturridge,2-78,395.6,228.51,341.52,158.907
LIV,MCI,25.08.2014,CS,,2-82,307.2,275.61,342.56,176.7
LIV,TOT,31.08.2014,CG,Sterling,1-7,260.4,225.37,341.52,160.034
LIV,TOT,31.08.2014,CG,Gerrard,2-48,380,341.55,337.36,160.034
LIV,TOT,31.08.2014,G,Moreno,2-59,187.6,324.28,425.76,158.907
LIV,TOT,31.08.2014,CO,,1-30,215.68,644.56,139.76,145.383
LIV,AST,13.09.2014,,,,,,,
LIV,WHU,20.09.2014,G,Sterling,1-25,527.68,420.05,337.36,155.848
LIV,EVE,27.09.2014,G,Gerrard,2-64,470.48,569.2,415.36,110.124
LIV,EVE,27.09.2014,CO,,2-66,387.28,241.07,371.68,96.761
LIV,WBA,04.10.2014,CG,Lallana,1-44,217.76,255.2,418.48,156.975
LIV,WBA,04.10.2014,G,Henderson,2-60,454.88,355.68,344.64,156.975
LIV,QPR,19.10.2014,G,Coutinho,2-89,255.2,344.69,420.56,158.907
LIV,QPR,19.10.2014,CO,,2-60,348.8,278.75,374.8,22.379
LIV,QPR,19.10.2014,CS,,2-60,430.96,330.56,408.08,219.09
LIV,HUL,25.10.2014,CO,,2-85,278.08,217.52,350.88,71.484
LIV,NEW,01.11.2014,,,,,,,
LIV,CHE,08.11.2014,G,Can,1-8,479.84,583.33,414.32,137.494
LIV,CRY,23.11.2014,CG,Lambert,1-1,320.72,385.51,356.08,158.907
LIV,STK,29.11.2014,CG,Johnson,2-84,392.48,198.68,372.72,145.705
LIV,LEI,02.12.2014,G,Lallana,1-25,448.64,274.04,419.52,155.848
LIV,LEI,02.12.2014,CG,Gerrard,2-53,384.16,343.12,397.68,160.034
LIV,LEI,02.12.2014,CG,Henderson,2-82,426.8,278.75,361.28,118.174
LIV,SUN,06.12.2014,,,,,,,
LIV,MUN,14.12.2014,CS,,1-11,278.08,275.61,354,190.83
LIV,MUN,14.12.2014,CS,,2-50,276,339.98,319.68,259.91
LIV,MUN,14.12.2014,CS,,2-84,448.64,289.74,415.36,220.66
LIV,ARS,21.12.2014,G,Coutinho,1-44,434.08,391.79,332.16,160.034
LIV,ARS,21.12.2014,G,Skrtel,2-96,351.92,332.13,422.64,155.848
LIV,ARS,21.12.2014,CS,,1-34,259.36,223.8,289.52,198.68
LIV,BUR,26.12.2014,CG,Sterling,2-61,261.44,346.26,345.68,157.941
LIV,SWA,29.12.2014,CG,Moreno,1-32,369.6,204.96,373.76,152.789
LIV,SWA,29.12.2014,G,Lallana,2-50,490.24,451.45,387.28,136.528
LIV,SWA,29.12.2014,CG,Lallana,2-60,289.52,311.72,423.68,158.907
LIV,SWA,29.12.2014,CO,,1-12,400.8,314.86,360.24,49.266
LIV,SWA,29.12.2014,CO,,2-53,273.92,266.19,433.04,132.503
LIV,LEI,01.01.2015,CG,Gerrard,1-16,380,341.55,426.8,148.764
LIV,LEI,01.01.2015,CG,Gerrard,1-39,380,341.55,337.36,160.034
LIV,SUN,10.01.2015,CG,Markovic,1-7,429.92,278.75,387.28,156.975
LIV,SUN,10.01.2015,CO,,1-43,547.44,214.38,448.64,158.746
LIV,AST,17.01.2015,CG,Borini,1-23,347.76,225.37,346.72,156.975
LIV,AST,17.01.2015,G,Lambert,2-78,513.12,420.05,334.24,158.907
LIV,AST,17.01.2015,CS,,1-37,477.76,360.39,433.04,272.47
LIV,WHU,31.01.2015,CG,Sterling,2-50,339.44,294.45,411.2,158.907
LIV,WHU,31.01.2015,CG,Sturridge,2-79,560.96,245.78,413.28,160.034
LIV,WHU,31.01.2015,CO,,2-82,409.12,292.88,250,158.746
LIV,EVE,07.02.2015,,,,,,,
LIV,TOT,10.02.2015,G,Markovic,1-14,308.24,394.93,413.28,160.034
LIV,TOT,10.02.2015,CG,Gerrard,2-52,380,341.55,427.84,129.444
LIV,TOT,10.02.2015,CG,Balotelli,2-82,381.04,215.95,341.52,124.292
LIV,TOT,10.02.2015,CS,,1-8,501.68,311.72,384.16,179.84
LIV,SOU,22.02.2015,G,Coutinho,1-2,252.08,611.59,343.6,102.879
LIV,SOU,22.02.2015,CG,Sterling,2-72,355.04,366.67,344.64,143.612
LIV,MCI,01.03.2015,G,Henderson,1-10,248.96,478.14,415.36,113.183
LIV,MCI,01.03.2015,G,Coutinho,2-74,126.24,520.53,422.64,145.705
LIV,BUR,04.03.2015,G,Henderson,1-28,393.52,475,418.48,157.941
LIV,BUR,04.03.2015,G,Sturridge,2-50,322.8,263.05,337.36,149.73
LIV,BUR,04.03.2015,CS,,1-41,438.24,391.79,408.08,336.84
LIV,SWA,16.03.2015,G,Henderson,2-67,407.04,460.87,370.64,143.612
LIV,SWA,16.03.2015,CO,,2-76,496.48,248.92,267.68,53.613
LIV,SWA,16.03.2015,CO,,2-93,302,321.14,437.2,155.848
LIV,MUN,22.03.2015,G,Sturridge,2-68,539.12,255.2,420.56,139.587
LIV,MUN,22.03.2015,CO,,1-34,336.32,377.66,298.88,154.238
LIV,ARS,04.04.2015,CG,Henderson,2-75,380,341.55,338.4,160.034
LIV,NEW,13.04.2015,G,Sterling,1-8,257.28,336.84,421.6,139.587
LIV,NEW,13.04.2015,G,Allen,2-69,342.56,297.59,340.48,122.199
LIV,NEW,13.04.2015,CO,,2-55,312.4,281.89,294.72,158.746
LIV,WBA,25.04.2015,CB,,2-55,338.4,233.22,347.76,197.11
LIV,HUL,28.04.2015,,,,,,,
LIV,QPR,02.05.2015,G,Coutinho,1-18,254.16,308.58,411.2,108.997
LIV,QPR,02.05.2015,G,Gerrard,2-86,319.68,281.89,419.52,160.034
LIV,QPR,02.05.2015,CO,,2-53,322.8,256.77,309.28,105.133
LIV,QPR,02.05.2015,CS,,2-78,380,341.55,410.16,189.26
LIV,CHE,10.05.2015,CG,Gerrard,1-43,429.92,225.37,420.56,131.376
LIV,CRY,16.05.2015,CG,Lallana,1-25,488.16,371.38,348.8,116.242
LIV,STK,24.05.2015,CG,Gerrard,2-69,473.6,335.27,343.6,157.941
LIV,STK,24.05.2015,CS,,2-63,453.84,314.86,417.44,259.91
SOU,LIV,17.08.2014,CG,Clyne,2-55,504.8,316.43,422.64,108.997
SOU,LIV,17.08.2014,CO,,2-87,378.96,244.21,459.04,147.637
SOU,LIV,17.08.2014,CS,,2-62,445.52,380.8,385.2,206.53
SOU,WBA,23.08.2014,,,,,,,
SOU,WHU,30.08.2014,G,Schneiderlin,1-44,471.52,255.2,333.2,133.469
SOU,WHU,30.08.2014,G,Schneiderlin,2-67,342.56,193.97,336.32,151.823
SOU,WHU,30.08.2014,CG,Pellè,2-82,352.96,275.61,343.6,108.031
SOU,NEW,13.09.2014,CG,Pellè,1-5,387.28,274.04,340.48,114.149
SOU,NEW,13.09.2014,CG,Pellè,1-18,425.76,274.04,404.96,160.034
SOU,NEW,13.09.2014,CG,Cork,2-53,476.72,288.17,377.92,157.941
SOU,NEW,13.09.2014,G,Schneiderlin,2-93,184.48,387.08,426.8,150.857
SOU,SWA,20.09.2014,G,Wanyama,2-79,560.96,324.28,340.48,115.115
SOU,QPR,27.09.2014,G,Bertrand,2-53,199.04,244.21,399.76,121.233
SOU,QPR,27.09.2014,G,Pellè,2-67,283.28,316.43,404.96,142.646
SOU,QPR,27.09.2014,CO,,2-57,406,217.52,477.76,158.746
SOU,QPR,27.09.2014,CS,,2-55,479.84,231.65,440.32,192.4
SOU,QPR,27.09.2014,CS,,2-78,207.36,357.25,272.88,267.76
SOU,TOT,05.10.2014,CO,,2-83,393.52,259.91,598.4,151.984
SOU,TOT,05.10.2014,CB,,1-8,276,250.49,331.12,211.24
SOU,SUN,18.10.2014,CG,Pellè,1-17,398.72,223.8,395.6,153.916
SOU,SUN,18.10.2014,CG,Cork,1-36,411.2,259.91,411.2,155.848
SOU,SUN,18.10.2014,CG,Pellè,2-68,549.52,264.62,344.64,156.975
SOU,SUN,18.10.2014,G,Tadic,2-77,620.24,556.64,344.64,149.73
SOU,SUN,18.10.2014,G,Wanyama,2-78,451.76,333.7,395.6,124.292
SOU,SUN,18.10.2014,CB,,2-60,415.36,294.45,370.64,170.42
SOU,SUN,18.10.2014,CS,,2-62,328,388.65,344.64,195.54
SOU,STK,25.10.2014,G,Mané,1-32,334.24,325.85,412.24,107.065
SOU,HUL,01.11.2014,G,Wanyama,1-2,522.48,699.51,391.44,133.469
SOU,HUL,01.11.2014,CS,,2-56,382.08,245.78,382.08,220.66
SOU,HUL,01.11.2014,CO,,2-69,420.56,225.37,372.72,64.883
SOU,HUL,01.11.2014,CO,,2-88,462.16,259.91,444.48,134.113
SOU,LEI,08.11.2014,G,Long,2-74,496.48,388.65,336.32,151.823
SOU,LEI,08.11.2014,CG,Long,2-79,500.64,349.4,403.92,156.975
SOU,AST,24.11.2014,G,Clyne,2-80,442.4,391.79,352.96,138.621
SOU,MCI,30.11.2014,CS,,1-20,374.8,281.89,374.8,226.94
SOU,ARS,03.12.2014,CO,,1-13,291.6,266.19,313.44,13.363
SOU,MUN,08.12.2014,CG,Pellè,1-30,373.76,278.75,352.96,107.065
SOU,MUN,08.12.2014,CO,,1-34,479.84,278.75,409.12,69.391
SOU,MUN,08.12.2014,CS,,2-51,453.84,256.77,410.16,182.98
SOU,BUR,13.12.2014,CO,,2-93,339.44,269.33,453.84,78.246
SOU,BUR,13.12.2014,CS,,2-59,380,341.55,396.64,176.7
SOU,EVE,20.12.2014,G,Pellè,2-64,382.08,244.21,395.6,134.435
SOU,EVE,20.12.2014,CG,Yoshida,2-81,367.52,275.61,403.92,132.503
SOU,EVE,20.12.2014,CO,,1-10,449.68,266.19,355.04,60.375
SOU,EVE,20.12.2014,CO,,1-40,306.16,220.66,313.44,136.367
SOU,EVE,20.12.2014,CO,,2-85,352.96,316.43,286.4,156.492
SOU,CRY,26.12.2014,CG,Mané,1-16,554.72,303.87,359.2,150.857
SOU,CRY,26.12.2014,G,Bertrand,2-47,340.48,380.8,425.76,125.258
SOU,CRY,26.12.2014,G,Alderweireld,2-52,415.36,264.62,401.84,110.124
SOU,CHE,28.12.2014,CG,Mané,1-16,263.52,382.37,360.24,150.857
SOU,ARS,01.01.2015,G,Mané,1-33,715.92,197.11,382.08,153.916
SOU,ARS,01.01.2015,CG,Tadic,2-55,324.88,219.09,352.96,138.621
SOU,ARS,01.01.2015,CB,,2-64,458,319.57,391.44,178.27
SOU,ARS,01.01.2015,CS,,1-39,435.12,325.85,382.08,184.55
SOU,MUN,11.01.2015,G,Tadic,2-68,361.28,393.36,352.96,158.907
SOU,MUN,11.01.2015,CO,,2-68,477.76,305.44,438.24,157.941
SOU,MUN,11.01.2015,CO,,2-87,219.84,372.95,824.08,158.746
SOU,NEW,17.01.2015,G,Elia,1-13,511.04,291.31,378.96,160.034
SOU,NEW,17.01.2015,G,Elia,2-61,402.88,391.79,423.68,154.882
SOU,SWA,01.02.2015,CB,,2-86,314.48,278.75,374.8,192.4
SOU,SWA,01.02.2015,CS,,1-6,402.88,281.89,412.24,179.84
SOU,QPR,07.02.2015,G,Mané,2-92,293.68,277.18,399.76,108.997
SOU,WHU,11.02.2015,CO,,2-88,370.64,225.37,264.56,64.883
SOU,LIV,22.02.2015,CS,,1-43,263.52,479.71,277.04,421.62
SOU,WBA,28.02.2015,,,,,,,
SOU,CRY,03.03.2015,CG,Mané,2-82,381.04,275.61,375.84,135.562
SOU,CRY,03.03.2015,CO,,2-69,341.52,203.39,252.08,125.258
SOU,CHE,15.03.2015,CG,Tadic,1-18,380,341.55,380,138.621
SOU,CHE,15.03.2015,CS,,1-12,332.16,346.26,349.84,184.55
SOU,BUR,21.03.2015,G,Long,1-36,317.6,245.78,365.44,105.938
SOU,BUR,21.03.2015,CO,,1-41,376.88,234.79,380,97.888
SOU,EVE,04.04.2015,,,,,,,
SOU,HUL,11.04.2015,CG,Ward-Prowse,2-55,380,341.55,422.64,126.385
SOU,HUL,11.04.2015,CG,Pellè,2-80,414.32,318,412.24,158.907
SOU,HUL,11.04.2015,CO,,2-88,347.76,330.56,325.92,44.758
SOU,HUL,11.04.2015,CS,,1-19,336.32,288.17,361.28,190.83
SOU,STK,18.04.2015,CG,Schneiderlin,1-21,336.32,190.83,343.6,160.034
SOU,TOT,25.04.2015,CG,Pellè,1-28,451.76,303.87,369.6,160.034
SOU,TOT,25.04.2015,G,Pellè,2-64,387.28,294.45,361.28,126.385
SOU,TOT,25.04.2015,CO,,2-53,310.32,324.28,486.08,82.754
SOU,SUN,02.05.2015,CG,Mané,1-21,404.96,388.65,352.96,152.789
SOU,LEI,09.05.2015,,,,,,,
SOU,AST,16.05.2015,CG,Mané,1-12,392.48,233.22,383.12,160.034
SOU,AST,16.05.2015,CG,Mané,1-13,519.36,231.65,372.72,125.258
SOU,AST,16.05.2015,G,Mané,1-15,393.52,394.93,421.6,115.115
SOU,AST,16.05.2015,CG,Long,1-25,490.24,346.26,385.2,158.907
SOU,AST,16.05.2015,G,Long,1-37,342.56,584.9,418.48,110.124
SOU,AST,16.05.2015,CG,Pellè,2-80,389.36,285.03,376.88,104.972
SOU,AST,16.05.2015,CS,,1-12,460.08,313.29,451.76,286.6
SOU,AST,16.05.2015,CS,,1-25,391.44,413.77,387.28,332.13
SOU,AST,16.05.2015,CS,,2-73,282.24,291.31,347.76,171.99
SOU,AST,16.05.2015,CS,,1-8,213.6,341.55,323.84,231.65
SOU,MCI,24.05.2015,CS,,2-71,445.52,292.88,403.92,212.81
SWA,MUN,16.08.2014,G,Ki,1-27,336.32,443.6,423.68,157.941
SWA,MUN,16.08.2014,G,Sigurdsson,2-71,352.96,283.46,386.24,139.587
SWA,BUR,23.08.2014,G,Dyer,1-22,536,368.24,425.76,129.444
SWA,BUR,23.08.2014,CS,,1-17,340.48,283.46,382.08,190.83
SWA,WBA,30.08.2014,CG,Dyer,1-1,554.72,223.8,345.68,156.975
SWA,WBA,30.08.2014,G,Routledge,1-23,370.64,440.46,425.76,136.528
SWA,WBA,30.08.2014,CG,Dyer,2-70,468.4,365.1,414.32,157.941
SWA,WBA,30.08.2014,CO,,2-67,314.48,388.65,369.6,80.5
SWA,CHE,13.09.2014,CG,Shelvey,2-85,372.72,451.45,419.52,156.975
SWA,CHE,13.09.2014,CO,,2-64,187.6,325.85,490.24,138.621
SWA,SOU,20.09.2014,CO,,1-27,490.24,346.26,337.36,96.761
SWA,SUN,27.09.2014,,,,,,,
SWA,NEW,04.10.2014,CG,Bony,1-16,465.28,361.96,422.64,157.941
SWA,NEW,04.10.2014,CG,Routledge,2-49,286.4,354.11,378.96,153.916
SWA,NEW,04.10.2014,CO,,2-76,243.76,297.59,428.88,215.95
SWA,STK,19.10.2014,CG,Bony,1-33,380,341.55,406,136.528
SWA,STK,19.10.2014,CO,,2-65,344.64,244.21,307.2,182.98
SWA,STK,19.10.2014,CB,,2-65,348.8,267.76,368.56,190.83
SWA,STK,19.10.2014,CS,,1-9,378.96,399.64,387.28,253.63
SWA,LEI,25.10.2014,CG,Bony,1-33,432,382.37,425.76,143.612
SWA,LEI,25.10.2014,CG,Bony,2-56,352.96,291.31,364.4,154.882
SWA,EVE,01.11.2014,CO,,1-4,477.76,360.39,448.64,156.492
SWA,ARS,09.11.2014,G,Sigurdsson,2-74,380,605.31,337.36,111.09
SWA,ARS,09.11.2014,G,Gomis,2-77,389.36,294.45,338.4,150.857
SWA,MCI,22.11.2014,CG,Bony,1-8,404.96,294.45,383.12,152.789
SWA,MCI,22.11.2014,CO,,2-85,303.04,394.93,510,156.492
SWA,CRY,29.11.2014,G,Bony,1-14,417.44,396.5,343.6,158.907
SWA,CRY,29.11.2014,CO,,1-46,312.4,272.47,298.88,145.383
SWA,CRY,29.11.2014,CS,,1-33,295.76,371.38,323.84,236.36
SWA,QPR,02.12.2014,G,Ki,2-77,196.96,241.07,422.64,160.034
SWA,QPR,02.12.2014,G,Routledge,2-82,434.08,442.03,337.36,157.941
SWA,QPR,02.12.2014,CS,,1-2,435.12,368.24,424.72,286.6
SWA,WHU,07.12.2014,CG,Bony,1-18,338.4,307.01,399.76,160.034
SWA,TOT,14.12.2014,CG,Bony,2-47,395.6,270.9,423.68,156.975
SWA,TOT,14.12.2014,CB,,2-70,247.92,277.18,282.24,236.36
SWA,HUL,20.12.2014,G,Ki,1-14,280.16,349.4,399.76,152.789
SWA,HUL,20.12.2014,CS,,2-54,476.72,308.58,424.72,219.09
SWA,AST,26.12.2014,G,Sigurdsson,1-12,126.24,462.44,426.8,107.065
SWA,AST,26.12.2014,CS,,2-78,577.6,291.31,389.36,189.26
SWA,LIV,29.12.2014,CG,Sigurdsson,2-51,312.4,219.09,344.64,134.435
SWA,QPR,01.01.2015,G,Bony,2-91,366.48,398.07,337.36,129.444
SWA,QPR,01.01.2015,CB,,2-79,317.6,239.5,354,184.55
SWA,QPR,01.01.2015,CS,,2-79,291.6,245.78,298.88,230.08
SWA,WHU,10.01.2015,CB,,1-44,378.96,278.75,372.72,258.34
SWA,WHU,10.01.2015,CO,,2-62,434.08,352.54,383.12,44.758
SWA,CHE,17.01.2015,,,,,,,
SWA,SOU,01.02.2015,G,Shelvey,2-82,470.48,551.93,424.72,116.242
SWA,SUN,07.02.2015,CG,Ki,2-65,355.04,278.75,364.4,147.798
SWA,SUN,07.02.2015,CO,,1-32,370.64,250.49,-4.8,154.238
SWA,SUN,07.02.2015,CS,,1-26,322.8,328.99,333.2,281.89
SWA,WBA,11.02.2015,,,,,,,
SWA,MUN,21.02.2015,G,Ki,1-29,316.56,275.61,408.08,139.587
SWA,MUN,21.02.2015,G,Gomis,2-72,460.08,383.94,386.24,118.174
SWA,MUN,21.02.2015,CO,,1-10,306.16,274.04,363.36,35.742
SWA,BUR,28.02.2015,CO,,2-63,304.08,233.22,380,211.24
SWA,BUR,28.02.2015,CS,,2-63,336.32,228.51,359.2,176.7
SWA,TOT,04.03.2015,CG,Ki,1-18,257.28,173.56,425.76,160.034
SWA,TOT,04.03.2015,CG,Sigurdsson,2-88,421.6,311.72,418.48,137.494
SWA,LIV,16.03.2015,,,,,,,
SWA,AST,21.03.2015,CG,Gomis,2-86,398.72,288.17,362.32,156.975
SWA,AST,21.03.2015,CS,,1-5,334.24,288.17,366.48,192.4
SWA,AST,21.03.2015,CS,,2-91,456.96,327.42,438.24,278.75
SWA,HUL,04.04.2015,CG,Ki,1-17,306.16,292.88,336.32,138.621
SWA,HUL,04.04.2015,CG,Gomis,1-36,366.48,307.01,377.92,108.997
SWA,HUL,04.04.2015,CG,Gomis,2-90,462.16,371.38,410.16,138.621
SWA,EVE,11.04.2015,CG,Shelvey,2-68,380,341.55,422.64,160.034
SWA,LEI,18.04.2015,CS,,2-65,336.32,303.87,342.56,255.2
SWA,NEW,25.04.2015,G,Castro Oliveira,1-46,391.44,244.21,424.72,104.972
SWA,NEW,25.04.2015,CG,Sigurdsson,2-48,344.64,360.39,334.24,160.034
SWA,NEW,25.04.2015,CG,Cork,2-70,381.04,255.2,359.2,157.941
SWA,STK,02.05.2015,CG,Montero,2-75,333.2,230.08,335.28,131.376
SWA,STK,02.05.2015,G,Ki,2-91,316.56,325.85,399.76,160.034
SWA,STK,02.05.2015,CO,,2-51,392.48,275.61,380,87.262
SWA,STK,02.05.2015,CB,,2-60,359.2,322.71,359.2,314.86
SWA,ARS,11.05.2015,G,Gomis,2-84,425.76,261.48,423.68,153.916
SWA,MCI,17.05.2015,G,Sigurdsson,1-44,325.92,442.03,425.76,157.941
SWA,MCI,17.05.2015,G,Gomis,2-63,527.68,360.39,340.48,152.789
SWA,MCI,17.05.2015,CS,,1-16,580.72,346.26,464.24,258.34
SWA,MCI,17.05.2015,CS,,2-83,341.52,286.6,391.44,178.27
STK,AST,16.08.2014,,,,,,,
STK,HUL,24.08.2014,CG,Shawcross,2-82,329.04,206.53,337.36,156.975
STK,HUL,24.08.2014,CO,,2-63,310.32,299.16,477.76,123.004
STK,MCI,30.08.2014,G,Diouf,2-57,554.72,318,386.24,157.941
STK,LEI,13.09.2014,CS,,2-89,352.96,233.22,349.84,209.67
STK,QPR,20.09.2014,CG,Diouf,1-10,374.8,219.09,369.6,132.503
STK,QPR,20.09.2014,G,Crouch,2-50,364.4,324.28,360.24,123.326
STK,QPR,20.09.2014,CS,,2-54,263.52,361.96,359.2,186.12
STK,NEW,29.09.2014,CG,Crouch,1-14,372.72,278.75,337.36,123.326
STK,NEW,29.09.2014,CS,,2-61,320.72,250.49,329.04,236.36
STK,SUN,04.10.2014,G,Adam,1-14,241.68,346.26,420.56,155.848
STK,SWA,19.10.2014,CG,Adam,1-42,380,341.55,337.36,160.034
STK,SWA,19.10.2014,G,Walters,2-75,385.2,307.01,338.4,136.528
STK,SWA,19.10.2014,CO,,2-64,477.76,212.81,411.2,64.883
STK,SOU,25.10.2014,CO,,2-77,338.4,225.37,262.48,140.875
STK,WHU,01.11.2014,G,Moses,1-32,342.56,179.84,355.04,157.941
STK,WHU,01.11.2014,CG,Diouf,2-55,447.6,220.66,372.72,135.562
STK,WHU,01.11.2014,CO,,1-32,332.16,182.98,325.92,157.941
STK,WHU,01.11.2014,CO,,2-70,411.2,281.89,308.24,116.242
STK,WHU,01.11.2014,CO,,2-82,423.68,299.16,309.28,158.746
STK,WHU,01.11.2014,CS,,1-46,359.2,291.31,368.56,258.34
STK,TOT,09.11.2014,G,Krkic,1-5,407.04,523.67,349.84,157.941
STK,TOT,09.11.2014,CG,Walters,1-32,378.96,288.17,415.36,125.258
STK,BUR,22.11.2014,CG,Walters,1-31,368.56,291.31,336.32,127.351
STK,BUR,22.11.2014,CO,,2-52,372.72,236.36,279.12,134.113
STK,BUR,22.11.2014,CO,,2-87,314.48,208.1,244.8,123.004
STK,LIV,29.11.2014,CO,,2-59,247.92,299.16,436.16,33.488
STK,MUN,02.12.2014,G,N'Zonzi,1-38,317.6,481.28,426.8,142.646
STK,MUN,02.12.2014,CB,,2-93,355.04,217.52,363.36,164.14
STK,MUN,02.12.2014,CS,,2-92,295.76,192.4,344.64,164.14
STK,MUN,02.12.2014,CS,,2-93,458,225.37,434.08,195.54
STK,ARS,06.12.2014,CG,Crouch,1-0,389.36,225.37,406,160.034
STK,ARS,06.12.2014,CG,Krkic,1-34,445.52,266.19,391.44,157.941
STK,ARS,06.12.2014,CG,Walters,1-44,468.4,203.39,425.76,119.301
STK,ARS,06.12.2014,CO,,2-50,308.24,201.82,281.2,145.383
STK,CRY,13.12.2014,CG,Crouch,1-12,322.8,208.1,344.64,156.975
STK,CHE,22.12.2014,,,,,,,
STK,EVE,26.12.2014,CG,Krkic,1-37,380,341.55,339.44,158.907
STK,WBA,28.12.2014,G,Diouf,2-50,364.4,371.38,374.8,160.034
STK,WBA,28.12.2014,CG,Diouf,2-65,435.12,325.85,417.44,160.034
STK,WBA,28.12.2014,CO,,2-58,423.68,241.07,485.04,138.621
STK,MUN,01.01.2015,CG,Shawcross,1-1,342.56,226.94,375.84,113.183
STK,MUN,01.01.2015,CO,,1-18,489.2,344.69,269.76,80.5
STK,ARS,11.01.2015,,,,,,,
STK,LEI,17.01.2015,G,Krkic,2-62,344.64,399.64,423.68,157.941
STK,LEI,17.01.2015,CO,,2-46,546.4,217.52,448.64,109.641
STK,QPR,31.01.2015,G,Walters,1-20,241.68,376.09,422.64,155.848
STK,QPR,31.01.2015,G,Walters,1-33,361.28,429.47,424.72,157.941
STK,QPR,31.01.2015,G,Walters,2-91,453.84,328.99,348.8,152.789
STK,NEW,08.02.2015,G,Crouch,2-89,247.92,283.46,368.56,114.149
STK,MCI,11.02.2015,CG,Crouch,1-37,338.4,299.16,344.64,152.789
STK,AST,21.02.2015,G,Diouf,1-44,362.32,261.48,410.16,147.798
STK,AST,21.02.2015,CG,Moses,2-92,380,341.55,340.48,158.907
STK,HUL,28.02.2015,G,Crouch,2-70,445.52,288.17,362.32,104.972
STK,EVE,04.03.2015,G,Moses,1-31,350.88,377.66,335.28,115.115
STK,EVE,04.03.2015,CG,Diouf,2-83,451.76,230.08,422.64,158.907
STK,WBA,14.03.2015,,,,,,,
STK,CRY,21.03.2015,CG,Diouf,1-13,413.28,288.17,426.8,158.907
STK,CRY,21.03.2015,CS,,2-52,366.48,233.22,370.64,206.53
STK,CRY,21.03.2015,CS,,2-58,310.32,313.29,329.04,259.91
STK,CHE,04.04.2015,G,Adam,1-43,316.56,1113.99,389.36,121.233
STK,WHU,11.04.2015,G,Arnautovic,2-94,544.32,398.07,340.48,158.907
STK,SOU,18.04.2015,CG,Diouf,2-46,318.64,288.17,343.6,147.798
STK,SOU,18.04.2015,G,Adam,2-83,492.32,322.71,412.24,129.444
STK,SOU,18.04.2015,CO,,1-41,355.04,220.66,293.68,147.637
STK,SOU,18.04.2015,CO,,2-90,390.4,272.47,291.6,158.746
STK,SUN,25.04.2015,G,Adam,1-26,205.28,388.65,422.64,112.056
STK,SUN,25.04.2015,CO,,2-64,421.6,230.08,421.6,60.375
STK,SUN,25.04.2015,CS,,2-68,332.16,212.81,347.76,192.4
STK,SWA,02.05.2015,,,,,,,
STK,TOT,09.05.2015,CG,Adam,1-20,357.12,241.07,337.36,112.056
STK,TOT,09.05.2015,CG,N'Zonzi,1-31,164.72,322.71,421.6,154.882
STK,TOT,09.05.2015,CS,,2-79,372.72,259.91,372.72,200.25
STK,BUR,16.05.2015,CO,,1-39,350.88,239.5,294.72,120.75
STK,BUR,16.05.2015,CS,,2-55,400.8,204.96,402.88,178.27
STK,LIV,24.05.2015,CG,Diouf,1-21,468.4,230.08,381.04,113.183
STK,LIV,24.05.2015,G,Diouf,1-25,255.2,431.04,360.24,110.124
STK,LIV,24.05.2015,CG,Walters,1-29,347.76,239.5,415.36,148.764
STK,LIV,24.05.2015,G,Adam,1-40,428.88,437.32,421.6,158.907
STK,LIV,24.05.2015,G,N'Zonzi,1-44,218.8,539.37,429.92,122.199
STK,LIV,24.05.2015,CG,Crouch,2-85,374.8,272.47,332.16,151.823
STK,LIV,24.05.2015,CS,,1-29,324.88,219.09,347.76,198.68
CRY,ARS,16.08.2014,G,Hangeland,1-34,435.12,220.66,333.2,154.882
CRY,WHU,23.08.2014,G,Chamakh,2-47,258.32,484.42,335.28,156.975
CRY,WHU,23.08.2014,CS,,2-92,491.28,231.65,428.88,189.26
CRY,NEW,30.08.2014,CG,Gayle,1-0,395.6,244.21,402.88,107.065
CRY,NEW,30.08.2014,G,Puncheon,2-47,157.44,379.23,420.56,151.823
CRY,NEW,30.08.2014,G,Zaha,2-94,400.8,361.96,344.64,155.848
CRY,NEW,30.08.2014,CO,,2-79,566.16,245.78,-140,209.67
CRY,NEW,30.08.2014,CS,,2-79,554.72,349.4,417.44,226.94
CRY,BUR,13.09.2014,,,,,,,
CRY,EVE,21.09.2014,CG,Jedinak,1-29,375.84,341.55,422.64,113.183
CRY,EVE,21.09.2014,G,Campbell,2-53,334.24,228.51,398.72,137.494
CRY,EVE,21.09.2014,CG,Bolasie,2-68,226.08,300.73,423.68,154.238
CRY,LEI,27.09.2014,CG,Campbell,2-50,383.12,173.56,426.8,137.494
CRY,LEI,27.09.2014,G,Jedinak,2-53,341.52,259.91,424.72,143.612
CRY,LEI,27.09.2014,CO,,1-28,322.8,241.07,416.4,60.375
CRY,HUL,04.10.2014,CO,,2-74,454.88,228.51,397.68,51.359
CRY,CHE,18.10.2014,CG,Campbell,2-89,364.4,211.24,368.56,157.941
CRY,CHE,18.10.2014,CO,,1-14,179.28,270.9,900,203.39
CRY,WBA,25.10.2014,CG,Hangeland,1-15,389.36,212.81,419.52,129.444
CRY,WBA,25.10.2014,CG,Jedinak,1-45,380,341.55,334.24,140.553
CRY,SUN,03.11.2014,CS,,2-54,425.76,209.67,400.8,168.85
CRY,MUN,08.11.2014,CO,,1-39,418.48,391.79,342.56,71.484
CRY,LIV,23.11.2014,CG,Gayle,1-16,359.2,292.88,369.6,157.941
CRY,LIV,23.11.2014,CG,Ledley,2-77,368.56,318,375.84,158.907
CRY,LIV,23.11.2014,G,Jedinak,2-80,406,578.62,426.8,107.065
CRY,SWA,29.11.2014,CG,Jedinak,1-24,378.96,341.55,370.64,121.233
CRY,SWA,29.11.2014,CS,,1-28,364.4,313.29,372.72,266.19
CRY,AST,02.12.2014,,,,,,,
CRY,TOT,06.12.2014,CO,,2-81,237.52,322.71,414.32,64.883
CRY,STK,13.12.2014,G,McArthur,1-10,341.52,266.19,418.48,120.267
CRY,MCI,20.12.2014,CS,,1-18,417.44,233.22,410.16,215.95
CRY,SOU,26.12.2014,G,Dann,2-85,345.68,272.47,335.28,156.975
CRY,QPR,28.12.2014,,,,,,,
CRY,AST,01.01.2015,CO,,1-15,437.2,372.95,364.4,97.888
CRY,TOT,10.01.2015,CG,Gayle,2-68,380,341.55,337.36,151.823
CRY,TOT,10.01.2015,G,Puncheon,2-79,288.48,391.79,426.8,153.916
CRY,TOT,10.01.2015,CS,,1-34,436.16,310.15,419.52,272.47
CRY,TOT,10.01.2015,CS,,2-51,386.24,252.06,380,170.42
CRY,BUR,17.01.2015,G,Gayle,1-27,294.72,321.14,384.16,140.553
CRY,BUR,17.01.2015,G,Puncheon,2-47,383.12,588.04,331.12,157.941
CRY,BUR,17.01.2015,G,Gayle,2-86,199.04,250.49,399.76,155.848
CRY,EVE,31.01.2015,CB,,1-4,340.48,203.39,393.52,170.42
CRY,LEI,07.02.2015,CG,Ledley,2-54,344.64,234.79,390.4,101.913
CRY,NEW,11.02.2015,CG,Campbell,2-70,374.8,266.19,425.76,157.941
CRY,ARS,21.02.2015,CG,Murray,2-93,390.4,187.69,422.64,144.739
CRY,ARS,21.02.2015,CO,,2-94,381.04,241.07,432,155.848
CRY,WHU,28.02.2015,G,Murray,1-40,374.8,292.88,408.08,141.68
CRY,WHU,28.02.2015,G,Dann,2-50,360.24,220.66,341.52,114.149
CRY,WHU,28.02.2015,CG,Murray,2-62,355.04,258.34,422.64,147.798
CRY,SOU,03.03.2015,,,,,,,
CRY,QPR,14.03.2015,CG,Zaha,1-20,423.68,198.68,410.16,149.73
CRY,QPR,14.03.2015,CG,McArthur,1-39,387.28,200.25,364.4,160.034
CRY,QPR,14.03.2015,G,Ward,1-41,522.48,382.37,334.24,150.857
CRY,STK,21.03.2015,CG,Murray,1-40,378.96,343.12,367.52,102.879
CRY,STK,21.03.2015,CG,Zaha,1-46,447.6,307.01,411.2,158.907
CRY,STK,21.03.2015,CO,,2-55,314.48,217.52,356.08,29.141
CRY,MCI,06.04.2015,CG,Murray,1-33,411.2,178.27,404.96,160.034
CRY,MCI,06.04.2015,G,Puncheon,2-47,409.12,536.23,425.76,154.882
CRY,MCI,06.04.2015,CO,,1-1,507.92,219.09,451.76,107.387
CRY,MCI,06.04.2015,CS,,1-33,313.44,283.46,346.72,211.24
CRY,SUN,11.04.2015,CG,Murray,2-47,328,219.09,334.24,138.621
CRY,SUN,11.04.2015,CG,Bolasie,2-50,260.4,288.17,395.6,158.907
CRY,SUN,11.04.2015,CG,Bolasie,2-52,257.28,314.86,422.64,143.612
CRY,SUN,11.04.2015,CG,Bolasie,2-61,427.84,259.91,420.56,146.671
CRY,WBA,18.04.2015,CO,,2-89,342.56,242.64,300.96,93.863
CRY,WBA,18.04.2015,CO,,2-94,429.92,431.04,412.24,40.25
CRY,HUL,25.04.2015,CS,,1-5,362.32,239.5,366.48,200.25
CRY,CHE,03.05.2015,,,,,,,
CRY,MUN,09.05.2015,G,Puncheon,2-56,148.08,473.43,349.84,130.41
CRY,MUN,09.05.2015,CS,,2-70,417.44,308.58,400.8,225.37
CRY,LIV,16.05.2015,G,Puncheon,1-42,153.28,492.27,415.36,145.705
CRY,LIV,16.05.2015,CG,Zaha,2-59,288.48,220.66,357.12,153.916
CRY,LIV,16.05.2015,CG,Murray,2-90,361.28,274.04,391.44,157.941
CRY,LIV,16.05.2015,CS,,2-90,380,341.55,365.44,182.98
CRY,SWA,24.05.2015,CG,Chamakh,2-56,395.6,275.61,390.4,143.612
EVE,LEI,16.08.2014,G,McGeady,1-19,123.12,344.69,426.8,113.183
EVE,LEI,16.08.2014,G,Naismith,1-44,328,365.1,355.04,104.006
EVE,ARS,23.08.2014,CG,Coleman,1-18,462.16,234.79,406,112.056
EVE,ARS,23.08.2014,CG,Naismith,1-44,563.04,305.44,390.4,160.034
EVE,ARS,23.08.2014,CO,,1-21,350.88,336.84,463.2,154.238
EVE,CHE,30.08.2014,G,Mirallas,1-44,439.28,302.3,352.96,133.469
EVE,CHE,30.08.2014,CG,Naismith,2-68,280.16,350.97,401.84,160.034
EVE,CHE,30.08.2014,G,Eto'o,2-75,341.52,382.37,342.56,146.671
EVE,CHE,30.08.2014,CO,,1-15,387.28,275.61,395.6,96.761
EVE,CHE,30.08.2014,CS,,2-80,307.2,354.11,372.72,220.66
EVE,WBA,13.09.2014,G,Lukaku,1-1,186.56,442.03,426.8,136.528
EVE,WBA,13.09.2014,G,Mirallas,2-65,177.2,457.73,362.32,158.907
EVE,WBA,13.09.2014,CO,,2-50,445.52,288.17,372.72,51.359
EVE,CRY,21.09.2014,CG,Lukaku,1-8,291.6,377.66,349.84,156.975
EVE,CRY,21.09.2014,CG,Baines,2-82,380,341.55,345.68,158.907
EVE,CRY,21.09.2014,CB,,2-58,344.64,233.22,344.64,190.83
EVE,LIV,27.09.2014,G,Jagielka,2-91,213.6,559.78,402.88,102.879
EVE,LIV,27.09.2014,CS,,2-65,350.88,294.45,396.64,171.99
EVE,MUN,05.10.2014,CG,Naismith,2-54,439.28,231.65,355.04,116.242
EVE,MUN,05.10.2014,CB,,2-93,300.96,274.04,346.72,230.08
EVE,MUN,05.10.2014,CS,,1-48,380,341.55,363.36,186.12
EVE,MUN,05.10.2014,CS,,2-90,524.56,379.23,394.56,237.93
EVE,AST,18.10.2014,CG,Jagielka,1-17,375.84,225.37,350.88,151.823
EVE,AST,18.10.2014,G,Lukaku,2-47,218.8,322.71,349.84,156.975
EVE,AST,18.10.2014,CG,Coleman,2-75,356.08,237.93,410.16,135.562
EVE,BUR,26.10.2014,CG,Eto'o,1-3,308.24,292.88,371.68,104.972
EVE,BUR,26.10.2014,G,Lukaku,1-28,502.72,297.59,345.68,151.823
EVE,BUR,26.10.2014,G,Eto'o,2-85,276,540.94,414.32,123.326
EVE,BUR,26.10.2014,CO,,2-91,112.72,277.18,430.96,158.907
EVE,SWA,01.11.2014,CO,,2-74,451.76,215.95,367.52,49.266
EVE,SUN,09.11.2014,CG,Baines,2-75,380,341.55,392.48,157.941
EVE,WHU,22.11.2014,CG,Lukaku,1-25,282.24,244.21,342.56,146.671
EVE,WHU,22.11.2014,CG,Osman,2-72,328,277.18,354,156.975
EVE,WHU,22.11.2014,CO,,2-91,381.04,275.61,473.6,151.984
EVE,TOT,30.11.2014,G,Mirallas,1-14,148.08,503.26,415.36,104.972
EVE,TOT,30.11.2014,CS,,1-7,260.4,357.25,347.76,195.54
EVE,TOT,30.11.2014,CS,,2-71,502.72,296.02,479.84,266.19
EVE,HUL,03.12.2014,CG,Lukaku,1-33,328,288.17,340.48,133.469
EVE,MCI,06.12.2014,,,,,,,
EVE,QPR,15.12.2014,G,Barkley,1-32,237.52,496.98,337.36,119.301
EVE,QPR,15.12.2014,G,Mirallas,1-42,591.12,529.95,339.44,140.553
EVE,QPR,15.12.2014,CS,,2-52,279.12,234.79,359.2,170.42
EVE,SOU,20.12.2014,,,,,,,
EVE,STK,26.12.2014,CO,,1-32,477.76,217.52,263.52,198.68
EVE,STK,26.12.2014,CO,,1-53,231.28,344.69,284.32,156.492
EVE,NEW,28.12.2014,CG,Koné,1-4,442.4,314.86,395.6,114.149
EVE,NEW,28.12.2014,CG,Mirallas,2-83,376.88,423.19,362.32,135.562
EVE,HUL,01.01.2015,CO,,2-84,446.56,300.73,352.96,62.629
EVE,HUL,01.01.2015,CB,,2-68,338.4,341.55,357.12,231.65
EVE,MCI,10.01.2015,CG,Naismith,2-77,297.84,283.46,418.48,157.941
EVE,MCI,10.01.2015,CS,,1-42,541.2,267.76,475.68,217.52
EVE,WBA,19.01.2015,CO,,1-43,380,341.55,321.76,158.907
EVE,CRY,31.01.2015,CG,Lukaku,1-1,410.16,193.97,407.04,160.034
EVE,LIV,07.02.2015,,,,,,,
EVE,CHE,11.02.2015,CS,,2-67,368.56,233.22,387.28,164.14
EVE,LEI,22.02.2015,G,Naismith,2-56,229.2,358.82,344.64,160.034
EVE,LEI,22.02.2015,CO,,2-65,248.96,358.82,403.92,64.883
EVE,LEI,22.02.2015,CO,,2-70,537.04,270.9,493.36,131.859
EVE,LEI,22.02.2015,CO,,2-85,421.6,275.61,499.6,158.746
EVE,ARS,01.03.2015,,,,,,,
EVE,STK,04.03.2015,,,,,,,
EVE,NEW,15.03.2015,G,McCarthy,1-19,507.92,489.13,393.52,156.975
EVE,NEW,15.03.2015,CG,Lukaku,2-55,372.72,344.69,413.28,158.907
EVE,NEW,15.03.2015,CG,Barkley,2-92,552.64,233.22,375.84,156.975
EVE,NEW,15.03.2015,CB,,2-75,453.84,357.25,357.12,179.84
EVE,QPR,22.03.2015,G,Coleman,1-17,542.24,325.85,332.16,118.174
EVE,QPR,22.03.2015,CG,Lennon,2-76,435.12,308.58,352.96,157.941
EVE,SOU,04.04.2015,CG,Jagielka,1-15,415.36,217.52,352.96,160.034
EVE,SWA,11.04.2015,CG,Lennon,1-40,441.36,303.87,347.76,149.73
EVE,BUR,18.04.2015,CG,Mirallas,1-28,302,307.01,348.8,151.823
EVE,BUR,18.04.2015,CO,,2-55,499.6,338.41,461.12,154.238
EVE,BUR,18.04.2015,CS,,1-10,380,341.55,361.28,178.27
EVE,MUN,26.04.2015,CG,McCarthy,1-4,486.08,281.89,336.32,151.823
EVE,MUN,26.04.2015,G,Stones,1-34,492.32,277.18,357.12,115.115
EVE,MUN,26.04.2015,CG,Mirallas,2-73,284.32,360.39,340.48,157.941
EVE,AST,02.05.2015,CG,Lukaku,2-58,380,341.55,421.6,158.907
EVE,AST,02.05.2015,CG,Jagielka,2-91,381.04,206.53,367.52,104.006
EVE,SUN,09.05.2015,,,,,,,
EVE,WHU,16.05.2015,CG,Osman,2-67,417.44,277.18,413.28,135.562
EVE,WHU,16.05.2015,CG,Lukaku,2-92,358.16,209.67,354,139.587
EVE,TOT,24.05.2015,CS,,1-17,278.08,376.09,394.56,244.21
WHU,TOT,16.08.2014,CO,,1-23,392.48,318,247.92,131.859
WHU,TOT,16.08.2014,CS,,1-41,350.88,310.15,380,186.12
WHU,CRY,23.08.2014,G,Zárate,1-33,314.48,492.27,423.68,150.857
WHU,CRY,23.08.2014,G,Downing,1-36,554.72,475,337.36,155.848
WHU,CRY,23.08.2014,CG,Cole,2-61,382.08,368.24,358.16,154.882
WHU,CRY,23.08.2014,CO,,2-47,280.16,252.06,344.64,96.761
WHU,SOU,30.08.2014,G,Noble,1-26,344.64,539.37,415.36,147.798
WHU,SOU,30.08.2014,CS,,1-21,439.28,267.76,423.68,231.65
WHU,HUL,15.09.2014,G,Valencia,2-49,427.84,559.78,411.2,108.997
WHU,HUL,15.09.2014,G,Sakho,2-66,608.8,324.28,367.52,150.857
WHU,LIV,20.09.2014,CG,Reid,1-1,367.52,204.96,376.88,142.646
WHU,LIV,20.09.2014,G,Sakho,1-6,630.64,330.56,344.64,134.435
WHU,LIV,20.09.2014,G,Amalfitano,2-87,252.08,319.57,414.32,154.882
WHU,MUN,27.09.2014,CG,Sakho,1-36,370.64,222.23,364.4,123.326
WHU,QPR,05.10.2014,CG,Sakho,2-58,367.52,190.83,352.96,123.326
WHU,BUR,18.10.2014,CG,Sakho,2-48,370.64,266.19,415.36,148.764
WHU,BUR,18.10.2014,G,Valencia,2-53,390.4,325.85,402.88,117.208
WHU,BUR,18.10.2014,CG,Cole,2-69,403.92,222.23,383.12,139.587
WHU,BUR,18.10.2014,CO,,1-25,367.52,200.25,284.32,118.496
WHU,MCI,25.10.2014,CG,Amalfitano,1-20,354,204.96,357.12,155.848
WHU,MCI,25.10.2014,G,Sakho,2-74,426.8,292.88,420.56,153.916
WHU,MCI,25.10.2014,CO,,1-27,372.72,303.87,397.68,82.754
WHU,MCI,25.10.2014,CS,,1-18,376.88,244.21,374.8,219.09
WHU,STK,01.11.2014,G,Valencia,2-59,230.24,300.73,420.56,152.789
WHU,STK,01.11.2014,G,Downing,2-72,476.72,355.68,418.48,144.739
WHU,AST,08.11.2014,CO,,2-77,342.56,338.41,470.48,113.988
WHU,EVE,22.11.2014,G,Zárate,2-55,477.76,470.29,344.64,131.376
WHU,EVE,22.11.2014,CS,,2-75,404.96,281.89,389.36,190.83
WHU,NEW,29.11.2014,CG,Cresswell,2-55,361.28,311.72,417.44,156.975
WHU,NEW,29.11.2014,CB,,2-87,403.92,231.65,408.08,206.53
WHU,WBA,02.12.2014,CG,Nolan,1-34,400.8,204.96,415.36,113.183
WHU,WBA,02.12.2014,G,Tomkins,1-47,348.8,212.81,399.76,137.494
WHU,SWA,07.12.2014,G,Carroll,1-40,308.24,291.31,419.52,124.292
WHU,SWA,07.12.2014,G,Carroll,2-65,427.84,308.58,338.4,138.621
WHU,SWA,07.12.2014,CG,Sakho,2-86,427.84,369.81,374.8,120.267
WHU,SWA,07.12.2014,CO,,2-76,553.68,292.88,325.92,152.789
WHU,SWA,07.12.2014,CS,,1-17,492.32,215.95,442.4,198.68
WHU,SWA,07.12.2014,CS,,2-91,266.64,313.29,349.84,211.24
WHU,SUN,13.12.2014,G,Downing,1-28,622.32,459.3,343.6,156.975
WHU,LEI,20.12.2014,CG,Carroll,1-23,386.24,361.96,381.04,148.764
WHU,LEI,20.12.2014,G,Downing,2-55,458,496.98,337.36,139.587
WHU,LEI,20.12.2014,CO,,1-22,375.84,296.02,362.32,20.125
WHU,CHE,26.12.2014,CO,,2-86,276,330.56,326.96,150.857
WHU,ARS,28.12.2014,G,Kouyaté,2-53,386.24,245.78,415.36,116.242
WHU,ARS,28.12.2014,CO,,1-37,269.76,296.02,421.6,42.504
WHU,ARS,28.12.2014,CO,,2-95,468.4,204.96,414.32,75.992
WHU,WBA,01.01.2015,CG,Sakho,1-9,345.68,220.66,421.6,147.798
WHU,SWA,10.01.2015,G,Carroll,1-42,202.16,366.67,414.32,113.183
WHU,HUL,18.01.2015,CG,Carroll,2-48,381.04,237.93,406,158.907
WHU,HUL,18.01.2015,CG,Amalfitano,2-68,477.76,285.03,365.44,157.941
WHU,HUL,18.01.2015,CG,Downing,2-71,420.56,385.51,412.24,160.034
WHU,HUL,18.01.2015,CO,,1-12,421.6,203.39,414.32,80.5
WHU,LIV,31.01.2015,,,,,,,
WHU,MUN,08.02.2015,G,Kouyaté,2-48,378.96,299.16,356.08,152.789
WHU,MUN,08.02.2015,CS,,1-31,471.52,219.09,424.72,176.7
WHU,SOU,11.02.2015,,,,,,,
WHU,TOT,22.02.2015,CG,Kouyaté,1-21,368.56,272.47,386.24,121.233
WHU,TOT,22.02.2015,G,Sakho,2-61,488.16,201.82,334.24,132.503
WHU,TOT,22.02.2015,CS,,1-27,468.4,263.05,451.76,233.22
WHU,TOT,22.02.2015,CS,,2-58,546.4,303.87,466.32,200.25
WHU,TOT,22.02.2015,CS,,2-65,346.72,233.22,344.64,175.13
WHU,CRY,28.02.2015,G,Valencia,2-75,455.92,478.14,343.6,146.671
WHU,CRY,28.02.2015,CS,,2-80,510,252.06,481.92,219.09
WHU,CHE,04.03.2015,CS,,1-35,374.8,263.05,370.64,189.26
WHU,ARS,14.03.2015,,,,,,,
WHU,SUN,21.03.2015,CG,Sakho,2-87,537.04,308.58,346.72,154.882
WHU,LEI,04.04.2015,CG,Kouyaté,1-31,550.56,296.02,345.68,143.612
WHU,LEI,04.04.2015,CO,,1-25,381.04,294.45,198,127.512
WHU,LEI,04.04.2015,CO,,2-72,250,322.71,326.96,160.034
WHU,LEI,04.04.2015,CS,,2-82,390.4,303.87,377.92,198.68
WHU,STK,11.04.2015,G,Cresswell,1-6,226.08,515.82,415.36,120.267
WHU,MCI,19.04.2015,CO,,2-86,288.48,242.64,430.96,192.4
WHU,MCI,19.04.2015,CS,,2-88,225.04,388.65,282.24,325.85
WHU,QPR,25.04.2015,CO,,2-81,338.4,319.57,362.32,22.379
WHU,BUR,02.05.2015,CG,Noble,1-23,380,341.55,414.32,156.975
WHU,BUR,02.05.2015,CO,,2-56,282.24,369.81,453.84,127.512
WHU,BUR,02.05.2015,CS,,1-25,375.84,292.88,400.8,203.39
WHU,AST,09.05.2015,,,,,,,
WHU,EVE,16.05.2015,G,Downing,2-61,501.68,349.4,341.52,160.034
WHU,EVE,16.05.2015,CO,,2-80,381.04,296.02,320.72,47.012
WHU,NEW,24.05.2015,CS,,1-23,221.92,245.78,298.88,197.11
WBA,SUN,16.08.2014,CG,Berahino,1-41,380,341.55,341.52,160.034
WBA,SUN,16.08.2014,CG,Berahino,2-73,429.92,187.69,419.52,148.764
WBA,SOU,23.08.2014,CS,,2-72,519.36,277.18,433.04,219.09
WBA,SWA,30.08.2014,CO,,2-55,421.6,294.45,477.76,113.988
WBA,EVE,13.09.2014,,,,,,,
WBA,TOT,21.09.2014,CG,Morrison,2-73,342.56,241.07,343.6,151.823
WBA,TOT,21.09.2014,CO,,1-3,203.2,219.09,352.96,42.504
WBA,BUR,28.09.2014,G,Dawson,1-29,342.56,189.26,384.16,152.789
WBA,BUR,28.09.2014,CG,Berahino,1-45,398.72,182.98,422.64,151.823
WBA,BUR,28.09.2014,G,Berahino,2-55,493.36,361.96,344.64,160.034
WBA,BUR,28.09.2014,G,Dorrans,2-89,429.92,405.92,337.36,160.034
WBA,LIV,04.10.2014,CG,Berahino,2-55,380,341.55,334.24,116.242
WBA,LIV,04.10.2014,CO,,1-41,386.24,270.9,421.6,58.121
WBA,MUN,20.10.2014,G,Sessegnon,1-7,412.24,454.59,423.68,107.065
WBA,MUN,20.10.2014,CG,Berahino,2-65,273.92,415.34,426.8,154.882
WBA,CRY,25.10.2014,G,Anichebe,2-50,373.76,204.96,408.08,137.494
WBA,CRY,25.10.2014,CG,Berahino,2-92,384.16,343.12,333.2,154.882
WBA,LEI,01.11.2014,,,,,,,
WBA,NEW,09.11.2014,CO,,2-78,264.56,275.61,282.24,82.754
WBA,CHE,22.11.2014,,,,,,,
WBA,ARS,29.11.2014,,,,,,,
WBA,WHU,02.12.2014,CG,Dawson,1-9,350.88,270.9,375.84,134.435
WBA,HUL,06.12.2014,CS,,1-8,380,341.55,384.16,176.7
WBA,AST,13.12.2014,CG,Gardner,2-71,438.24,303.87,342.56,155.848
WBA,AST,13.12.2014,CS,,1-39,241.68,278.75,335.28,190.83
WBA,AST,13.12.2014,CS,,2-71,385.2,310.15,396.64,231.65
WBA,QPR,20.12.2014,G,Lescott,1-9,389.36,239.5,369.6,122.199
WBA,QPR,20.12.2014,CG,Varela,1-19,286.4,313.29,380,148.764
WBA,MCI,26.12.2014,CG,Ideye,2-86,366.48,173.56,360.24,132.503
WBA,MCI,26.12.2014,CO,,2-52,295.76,255.2,296.8,156.492
WBA,MCI,26.12.2014,CO,,2-74,358.16,226.94,389.36,85.008
WBA,MCI,26.12.2014,CO,,1-17,557.84,316.43,259.36,140.875
WBA,MCI,26.12.2014,CO,,1-35,542.24,277.18,286.4,138.621
WBA,MCI,26.12.2014,CS,,1-35,435.12,333.7,396.64,197.11
WBA,STK,28.12.2014,CO,,2-62,402.88,214.38,433.04,145.705
WBA,STK,28.12.2014,CS,,1-17,220.88,270.9,254.16,244.21
WBA,WHU,01.01.2015,CG,Berahino,1-41,435.12,352.54,404.96,157.941
WBA,HUL,10.01.2015,G,Berahino,2-77,271.84,319.57,349.84,156.975
WBA,HUL,10.01.2015,CO,,1-41,456.96,327.42,281.2,143.129
WBA,EVE,19.01.2015,,,,,,,
WBA,TOT,31.01.2015,,,,,,,
WBA,BUR,08.02.2015,CG,Brunt,1-45,396.64,236.36,377.92,104.972
WBA,BUR,08.02.2015,CG,Ideye,2-66,390.4,231.65,332.16,130.41
WBA,BUR,08.02.2015,CB,,2-86,360.24,275.61,372.72,176.7
WBA,SWA,11.02.2015,G,Ideye,2-59,434.08,354.11,342.56,154.882
WBA,SWA,11.02.2015,G,Berahino,2-73,486.08,380.8,419.52,121.233
WBA,SUN,21.02.2015,,,,,,,
WBA,SOU,28.02.2015,G,Berahino,1-1,334.24,396.5,418.48,112.056
WBA,SOU,28.02.2015,CS,,1-29,361.28,233.22,368.56,182.98
WBA,AST,03.03.2015,CG,Berahino,2-65,373.76,217.52,392.48,136.528
WBA,AST,03.03.2015,CO,,2-56,336.32,272.47,382.08,58.121
WBA,STK,14.03.2015,G,Ideye,1-19,390.4,297.59,341.52,151.823
WBA,MCI,21.03.2015,CO,,2-72,346.72,187.69,341.52,97.888
WBA,QPR,04.04.2015,G,Anichebe,2-57,384.16,288.17,424.72,147.798
WBA,QPR,04.04.2015,CO,,1-13,324.88,286.6,380,55.867
WBA,QPR,04.04.2015,CS,,2-78,369.6,226.94,382.08,176.7
WBA,LEI,11.04.2015,G,Fletcher,1-7,473.6,217.52,367.52,133.469
WBA,LEI,11.04.2015,G,Gardner,1-25,406,357.25,411.2,156.975
WBA,LEI,11.04.2015,CO,,1-5,397.68,211.24,298.88,24.633
WBA,CRY,18.04.2015,CG,Morrison,1-1,339.44,281.89,349.84,153.916
WBA,CRY,18.04.2015,G,Gardner,2-52,567.2,559.78,340.48,123.326
WBA,LIV,25.04.2015,,,,,,,
WBA,MUN,02.05.2015,G,Olsson,2-62,417.44,372.95,418.48,113.183
WBA,NEW,09.05.2015,G,Anichebe,1-31,415.36,297.59,421.6,149.73
WBA,NEW,09.05.2015,CO,,2-72,306.16,187.69,337.36,93.702
WBA,CHE,18.05.2015,G,Berahino,1-8,357.12,544.08,422.64,139.587
WBA,CHE,18.05.2015,CG,Berahino,2-46,380,341.55,340.48,148.764
WBA,CHE,18.05.2015,G,Brunt,2-59,640,372.95,413.28,133.469
WBA,ARS,24.05.2015,G,McAuley,2-56,386.24,245.78,348.8,156.975
LEI,EVE,16.08.2014,CG,Ulloa,1-21,341.52,310.15,422.64,135.562
LEI,EVE,16.08.2014,CG,Wood,2-85,237.52,352.54,420.56,148.764
LEI,EVE,16.08.2014,CO,,2-64,237.52,467.15,374.8,17.871
LEI,CHE,23.08.2014,CS,,2-54,465.28,438.89,459.04,368.24
LEI,ARS,31.08.2014,G,Ulloa,1-21,400.8,297.59,356.08,135.562
LEI,ARS,31.08.2014,CO,,2-52,220.88,318,316.56,107.387
LEI,STK,13.09.2014,CG,Ulloa,2-63,462.16,241.07,422.64,154.882
LEI,MUN,21.09.2014,G,Ulloa,1-16,433.04,322.71,423.68,116.242
LEI,MUN,21.09.2014,CG,Nugent,2-61,380,341.55,382.08,127.351
LEI,MUN,21.09.2014,G,Cambiasso,2-63,381.04,377.66,414.32,151.823
LEI,MUN,21.09.2014,CG,Vardy,2-78,430.96,344.69,418.48,156.975
LEI,MUN,21.09.2014,CG,Ulloa,2-82,380,341.55,414.32,150.857
LEI,CRY,27.09.2014,,,,,,,
LEI,BUR,04.10.2014,G,Schlupp,1-32,344.64,292.88,375.84,129.444
LEI,BUR,04.10.2014,CG,Mahrez,1-39,473.6,236.36,420.56,148.764
LEI,BUR,04.10.2014,CO,,1-24,324.88,211.24,311.36,140.875
LEI,NEW,18.10.2014,CS,,1-19,376.88,409.06,382.08,241.07
LEI,SWA,25.10.2014,CO,,2-90,311.36,198.68,324.88,144.739
LEI,WBA,01.11.2014,CO,,1-28,361.28,278.75,306.16,143.129
LEI,WBA,01.11.2014,CS,,1-36,375.84,319.57,361.28,176.7
LEI,WBA,01.11.2014,CS,,2-76,367.52,281.89,384.16,178.27
LEI,SOU,08.11.2014,CO,,2-87,336.32,288.17,465.28,147.637
LEI,SUN,22.11.2014,,,,,,,
LEI,QPR,29.11.2014,G,Cambiasso,1-3,332.16,440.46,331.12,157.941
LEI,QPR,29.11.2014,G,Schlupp,2-66,334.24,503.26,419.52,147.798
LEI,QPR,29.11.2014,CO,,1-14,419.52,272.47,184.48,149.891
LEI,QPR,29.11.2014,CO,,2-61,241.68,302.3,311.36,145.383
LEI,QPR,29.11.2014,CS,,1-38,558.88,376.09,464.24,272.47
LEI,LIV,02.12.2014,CO,,1-19,320.72,572.34,300.96,156.492
LEI,LIV,02.12.2014,CB,,1-20,541.2,255.2,403.92,171.99
LEI,AST,07.12.2014,CG,Ulloa,1-12,427.84,220.66,399.76,155.848
LEI,MCI,13.12.2014,,,,,,,
LEI,WHU,20.12.2014,CS,,2-91,463.2,226.94,430.96,182.98
LEI,TOT,26.12.2014,G,Ulloa,2-47,437.2,198.68,426.8,152.789
LEI,TOT,26.12.2014,CO,,1-38,369.6,261.48,435.12,116.242
LEI,HUL,28.12.2014,G,Mahrez,1-31,496.48,534.66,333.2,155.848
LEI,LIV,01.01.2015,G,Nugent,2-57,554.72,482.85,344.64,133.469
LEI,LIV,01.01.2015,G,Schlupp,2-59,372.72,492.27,422.64,156.975
LEI,LIV,01.01.2015,CO,,1-11,404.96,341.55,304.08,78.246
LEI,AST,10.01.2015,G,Konchesky,1-45,265.6,376.09,334.24,145.705
LEI,AST,10.01.2015,CO,,1-12,415.36,339.98,506.88,154.238
LEI,AST,10.01.2015,CO,,1-26,381.04,208.1,472.56,129.766
LEI,AST,10.01.2015,CO,,1-41,297.84,267.76,403.92,78.246
LEI,AST,10.01.2015,CS,,2-52,377.92,289.74,380,179.84
LEI,STK,17.01.2015,,,,,,,
LEI,MUN,31.01.2015,CG,Wasilewski,2-79,295.76,236.36,363.36,153.916
LEI,CRY,07.02.2015,,,,,,,
LEI,ARS,10.02.2015,G,Kramaric,2-60,276,368.24,337.36,157.941
LEI,ARS,10.02.2015,CS,,2-77,544.32,372.95,459.04,292.88
LEI,EVE,22.02.2015,CG,Nugent,2-62,370.64,228.51,418.48,150.857
LEI,EVE,22.02.2015,CG,Cambiasso,2-69,300.96,303.87,388.32,140.553
LEI,EVE,22.02.2015,CO,,2-46,219.84,307.01,470.48,154.238
LEI,MCI,04.03.2015,,,,,,,
LEI,HUL,14.03.2015,,,,,,,
LEI,TOT,21.03.2015,CG,Vardy,1-37,289.52,352.54,337.36,155.848
LEI,TOT,21.03.2015,CG,Morgan,2-49,376.88,297.59,349.84,135.562
LEI,TOT,21.03.2015,G,Nugent,2-89,308.24,445.17,345.68,154.882
LEI,TOT,21.03.2015,CO,,1-47,349.84,288.17,394.56,58.121
LEI,TOT,21.03.2015,CO,,2-77,412.24,223.8,394.56,49.266
LEI,TOT,21.03.2015,CB,,2-48,387.28,214.38,385.2,198.68
LEI,WHU,04.04.2015,G,Cambiasso,1-11,366.48,515.82,421.6,150.857
LEI,WHU,04.04.2015,CG,King,2-85,387.28,212.81,410.16,127.351
LEI,WHU,04.04.2015,CB,,2-82,282.24,336.84,375.84,170.42
LEI,WHU,04.04.2015,CS,,1-14,380,341.55,384.16,179.84
LEI,WHU,04.04.2015,CS,,2-69,322.8,230.08,331.12,198.68
LEI,WHU,04.04.2015,CS,,2-93,518.32,328.99,436.16,226.94
LEI,WBA,11.04.2015,CG,Nugent,1-19,417.44,341.55,348.8,153.916
LEI,WBA,11.04.2015,CG,Huth,2-79,386.24,245.78,345.68,132.503
LEI,WBA,11.04.2015,G,Vardy,2-90,173.04,316.43,424.72,154.882
LEI,WBA,11.04.2015,CO,,1-41,304.08,292.88,348.8,73.738
LEI,SWA,18.04.2015,CG,Ulloa,1-14,314.48,325.85,336.32,152.789
LEI,SWA,18.04.2015,CG,King,2-88,410.16,223.8,351.92,142.646
LEI,SWA,18.04.2015,CO,,2-54,437.2,270.9,338.4,73.738
LEI,SWA,18.04.2015,CS,,2-72,267.68,307.01,286.4,285.03
LEI,BUR,25.04.2015,CG,Vardy,2-59,417.44,171.99,408.08,147.798
LEI,CHE,29.04.2015,CG,Albrighton,1-47,465.28,333.7,346.72,155.848
LEI,NEW,02.05.2015,G,Ulloa,1-0,316.56,230.08,360.24,108.031
LEI,NEW,02.05.2015,CG,Morgan,1-16,359.2,259.91,372.72,131.376
LEI,NEW,02.05.2015,CG,Ulloa,2-47,380,341.55,345.68,121.233
LEI,NEW,02.05.2015,CO,,2-51,449.68,294.45,244.8,147.637
LEI,NEW,02.05.2015,CO,,2-92,383.12,222.23,451.76,91.609
LEI,NEW,02.05.2015,CS,,2-55,622.32,350.97,569.28,316.43
LEI,NEW,02.05.2015,CS,,2-58,374.8,261.48,368.56,175.13
LEI,SOU,09.05.2015,G,Mahrez,1-6,324.88,493.84,417.44,153.916
LEI,SOU,09.05.2015,CG,Mahrez,1-18,361.28,230.08,361.28,104.972
LEI,SOU,09.05.2015,CS,,1-34,488.16,313.29,466.32,267.76
LEI,SUN,16.05.2015,,,,,,,
LEI,QPR,24.05.2015,CG,Vardy,1-15,364.4,270.9,406,154.882
LEI,QPR,24.05.2015,G,Albrighton,1-42,494.4,413.77,345.68,136.528
LEI,QPR,24.05.2015,G,Ulloa,2-50,393.52,291.31,403.92,128.317
LEI,QPR,24.05.2015,G,Cambiasso,2-51,173.04,382.37,420.56,153.916
LEI,QPR,24.05.2015,CG,Kramaric,2-85,530.8,286.6,336.32,148.764
NEW,MCI,17.08.2014,CO,,2-57,375.84,286.6,399.76,55.867
NEW,AST,23.08.2014,,,,,,,
NEW,CRY,30.08.2014,G,Janmaat,1-36,398.72,308.58,372.72,154.882
NEW,CRY,30.08.2014,G,Aarons,2-72,407.04,281.89,421.6,136.528
NEW,CRY,30.08.2014,CG,Williamson,2-87,409.12,193.97,411.2,154.882
NEW,SOU,13.09.2014,CO,,2-77,400.8,294.45,357.12,211.24
NEW,SOU,13.09.2014,CS,,1-25,364.4,330.56,375.84,171.99
NEW,SOU,13.09.2014,CS,,2-78,273.92,198.68,363.36,170.42
NEW,HUL,20.09.2014,G,Cissé,2-72,569.28,277.18,427.84,160.034
NEW,HUL,20.09.2014,CG,Cissé,2-86,369.6,209.67,376.88,150.857
NEW,STK,29.09.2014,CO,,2-83,412.24,222.23,344.64,96.761
NEW,SWA,04.10.2014,G,Cissé,1-42,479.84,222.23,424.72,142.646
NEW,SWA,04.10.2014,CG,Cissé,2-74,381.04,231.65,357.12,155.848
NEW,LEI,18.10.2014,G,Obertan,2-70,348.8,449.88,343.6,146.671
NEW,LEI,18.10.2014,CO,,1-7,407.04,299.16,296.8,154.238
NEW,LEI,18.10.2014,CO,,2-51,514.16,214.38,441.36,123.004
NEW,LEI,18.10.2014,CS,,2-85,344.64,269.33,366.48,179.84
NEW,TOT,26.10.2014,CG,Ameobi,2-45,224,280.32,413.28,156.975
NEW,TOT,26.10.2014,G,Pérez Gutiérrez,2-57,362.32,289.74,411.2,137.494
NEW,TOT,26.10.2014,CO,,2-64,284.32,182.98,304.08,154.238
NEW,LIV,01.11.2014,CG,Pérez Gutiérrez,2-72,378.96,313.29,357.12,152.789
NEW,LIV,01.11.2014,CS,,2-76,346.72,399.64,365.44,258.34
NEW,WBA,09.11.2014,G,Pérez Gutiérrez,1-44,437.2,299.16,334.24,158.907
NEW,WBA,09.11.2014,CG,Coloccini,2-61,336.32,278.75,341.52,147.798
NEW,QPR,22.11.2014,G,Sissoko,2-77,302,352.54,424.72,138.621
NEW,QPR,22.11.2014,CO,,2-90,310.32,341.55,319.68,171.99
NEW,QPR,22.11.2014,CS,,2-56,274.96,404.35,317.6,327.42
NEW,WHU,29.11.2014,,,,,,,
NEW,BUR,02.12.2014,CG,Cissé,2-47,386.24,259.91,401.84,141.68
NEW,CHE,06.12.2014,CG,Cissé,2-56,383.12,223.8,384.16,154.882
NEW,CHE,06.12.2014,CG,Cissé,2-77,423.68,318,418.48,158.907
NEW,ARS,13.12.2014,G,Pérez Gutiérrez,2-62,260.4,336.84,421.6,142.646
NEW,ARS,13.12.2014,CS,,1-33,347.76,219.09,359.2,190.83
NEW,SUN,21.12.2014,,,,,,,
NEW,MUN,26.12.2014,CG,Cissé,2-86,381.04,339.98,424.72,104.972
NEW,EVE,28.12.2014,CG,Cissé,1-33,355.04,281.89,355.04,140.553
NEW,EVE,28.12.2014,G,Pérez Gutiérrez,2-50,332.16,398.07,341.52,158.907
NEW,EVE,28.12.2014,CG,Colback,2-67,443.44,313.29,336.32,160.034
NEW,BUR,01.01.2015,G,Taylor,1-14,414.32,241.07,334.24,137.494
NEW,BUR,01.01.2015,G,Colback,1-25,449.68,567.63,426.8,145.705
NEW,BUR,01.01.2015,CG,Sissoko,2-77,471.52,217.52,383.12,154.882
NEW,BUR,01.01.2015,CO,,1-7,456.96,277.18,362.32,75.992
NEW,BUR,01.01.2015,CO,,2-77,295.76,245.78,468.4,212.81
NEW,CHE,10.01.2015,,,,,,,
NEW,SOU,17.01.2015,G,Gouffran,1-28,304.08,382.37,342.56,120.267
NEW,SOU,17.01.2015,CO,,2-74,366.48,267.76,286.4,145.383
NEW,HUL,31.01.2015,G,Cabella,1-39,370.64,456.16,337.36,150.857
NEW,HUL,31.01.2015,G,Ameobi,2-49,148.08,588.04,415.36,148.764
NEW,HUL,31.01.2015,G,Gouffran,2-77,404.96,451.45,413.28,141.68
NEW,STK,08.02.2015,G,Colback,2-73,418.48,405.92,336.32,142.646
NEW,STK,08.02.2015,CS,,1-10,313.44,266.19,349.84,225.37
NEW,CRY,11.02.2015,CG,Cissé,1-41,427.84,272.47,421.6,123.326
NEW,MCI,21.02.2015,,,,,,,
NEW,AST,28.02.2015,CG,Cissé,1-36,354,292.88,355.04,156.975
NEW,MUN,04.03.2015,CO,,2-67,448.64,377.66,300.96,151.984
NEW,MUN,04.03.2015,CS,,2-48,430.96,193.97,393.52,165.71
NEW,EVE,15.03.2015,,,,,,,
NEW,ARS,21.03.2015,CG,Sissoko,2-47,352.96,377.66,412.24,158.907
NEW,ARS,21.03.2015,CS,,2-63,322.8,193.97,336.32,171.99
NEW,SUN,05.04.2015,CO,,2-87,348.8,278.75,387.28,58.121
NEW,LIV,13.04.2015,,,,,,,
NEW,TOT,19.04.2015,CG,Colback,2-45,344.64,299.16,339.44,156.975
NEW,SWA,25.04.2015,CG,Pérez Gutiérrez,1-19,350.88,236.36,364.4,158.907
NEW,SWA,25.04.2015,CG,de Jong,2-86,453.84,278.75,343.6,156.975
NEW,SWA,25.04.2015,CS,,2-76,381.04,354.11,374.8,197.11
NEW,LEI,02.05.2015,,,,,,,
NEW,WBA,09.05.2015,G,Pérez Gutiérrez,1-40,314.48,383.94,427.84,157.941
NEW,WBA,09.05.2015,CB,,1-29,367.52,286.6,394.56,165.71
NEW,QPR,16.05.2015,CG,Riviere,1-23,475.68,299.16,421.6,133.469
NEW,QPR,16.05.2015,CO,,2-62,386.24,285.03,394.56,20.125
NEW,QPR,16.05.2015,CS,,1-45,310.32,239.5,347.76,171.99
NEW,WHU,24.05.2015,CG,Sissoko,2-53,387.28,263.05,412.24,152.789
NEW,WHU,24.05.2015,G,Gutiérrez,2-84,166.8,485.99,404.96,156.975
NEW,WHU,24.05.2015,CO,,1-0,488.16,231.65,-42.24,171.99
SUN,WBA,16.08.2014,G,Cattermole,1-4,384.16,520.53,421.6,118.174
SUN,WBA,16.08.2014,CG,Larsson,2-84,342.56,294.45,396.64,156.975
SUN,WBA,16.08.2014,CO,,1-30,421.6,283.46,446.56,131.859
SUN,MUN,24.08.2014,G,Rodwell,1-29,393.52,270.9,422.64,140.553
SUN,QPR,30.08.2014,CS,,1-10,269.76,319.57,357.12,206.53
SUN,TOT,13.09.2014,G,Johnson,1-3,238.56,341.55,395.6,152.789
SUN,BUR,20.09.2014,,,,,,,
SUN,SWA,27.09.2014,CO,,2-73,359.2,261.48,401.84,24.633
SUN,SWA,27.09.2014,CO,,2-83,362.32,274.04,308.24,127.512
SUN,STK,04.10.2014,CG,Wickham,1-3,366.48,226.94,342.56,147.798
SUN,STK,04.10.2014,G,Fletcher,1-22,370.64,266.19,417.44,152.789
SUN,STK,04.10.2014,CG,Fletcher,2-78,243.76,255.2,400.8,126.385
SUN,SOU,18.10.2014,CO,,1-34,384.16,335.27,497.52,156.492
SUN,ARS,25.10.2014,,,,,,,
SUN,CRY,03.11.2014,CG,Fletcher,1-30,440.32,341.55,340.48,135.562
SUN,CRY,03.11.2014,G,Gomez Garcia-Penche,2-78,302,515.82,423.68,154.882
SUN,CRY,03.11.2014,G,Fletcher,2-94,462.16,314.86,341.52,134.435
SUN,EVE,09.11.2014,G,Larsson,2-66,306.16,506.4,344.64,130.41
SUN,LEI,22.11.2014,CS,,1-22,322.8,303.87,333.2,280.32
SUN,CHE,29.11.2014,CO,,1-33,470.48,296.02,367.52,96.761
SUN,CHE,29.11.2014,CO,,2-83,384.16,377.66,257.28,154.238
SUN,MCI,03.12.2014,G,Wickham,1-18,257.28,349.4,422.64,155.848
SUN,LIV,06.12.2014,,,,,,,
SUN,WHU,13.12.2014,CG,Gomez Garcia-Penche,1-21,380,341.55,418.48,155.848
SUN,NEW,21.12.2014,CG,Johnson,2-89,429.92,310.15,422.64,131.376
SUN,NEW,21.12.2014,CO,,1-22,302,187.69,311.36,138.621
SUN,NEW,21.12.2014,CO,,2-53,340.48,352.54,286.4,100.625
SUN,HUL,26.12.2014,CG,Johnson,1-0,324.88,178.27,366.48,158.907
SUN,AST,28.12.2014,,,,,,,
SUN,MCI,01.01.2015,G,Rodwell,2-67,323.84,274.04,422.64,133.469
SUN,MCI,01.01.2015,CG,Johnson,2-70,380,341.55,406,133.469
SUN,LIV,10.01.2015,,,,,,,
SUN,TOT,17.01.2015,G,Larsson,1-30,344.64,534.66,336.32,116.242
SUN,TOT,17.01.2015,CO,,1-27,349.84,220.66,195.92,147.637
SUN,TOT,17.01.2015,CS,,2-80,291.6,300.73,354,206.53
SUN,BUR,31.01.2015,CG,Wickham,1-19,364.4,231.65,411.2,127.351
SUN,BUR,31.01.2015,CG,Defoe,1-33,372.72,209.67,354,147.798
SUN,SWA,07.02.2015,G,Defoe,1-41,429.92,453.02,338.4,158.907
SUN,QPR,10.02.2015,CO,,1-30,375.84,237.93,562,120.75
SUN,QPR,10.02.2015,CS,,1-34,357.12,230.08,361.28,184.55
SUN,WBA,21.02.2015,,,,,,,
SUN,MUN,28.02.2015,,,,,,,
SUN,HUL,03.03.2015,CG,Rodwell,2-76,401.84,176.7,408.08,124.292
SUN,AST,14.03.2015,,,,,,,
SUN,WHU,21.03.2015,CO,,1-14,447.6,382.37,512.08,69.391
SUN,NEW,05.04.2015,G,Defoe,1-45,389.36,509.54,421.6,117.208
SUN,CRY,11.04.2015,G,Wickham,2-89,350.88,314.86,421.6,153.916
SUN,STK,25.04.2015,CG,Wickham,1-0,415.36,203.39,415.36,157.941
SUN,STK,25.04.2015,CS,,2-62,316.56,303.87,319.68,261.48
SUN,SOU,02.05.2015,CG,Gomez Garcia-Penche,1-20,380,341.55,419.52,156.975
SUN,SOU,02.05.2015,CG,Gomez Garcia-Penche,2-54,380,341.55,360.24,156.975
SUN,EVE,09.05.2015,G,Graham,2-52,352.96,346.26,419.52,156.975
SUN,EVE,09.05.2015,CG,Defoe,2-84,381.04,228.51,381.04,151.823
SUN,LEI,16.05.2015,CS,,1-23,293.68,297.59,361.28,197.11
SUN,ARS,20.05.2015,CO,,2-67,425.76,272.47,298.88,69.391
SUN,ARS,20.05.2015,CS,,2-49,235.44,310.15,354,186.12
SUN,ARS,20.05.2015,CS,,2-59,218.8,314.86,246.88,275.61
SUN,CHE,24.05.2015,CG,Fletcher,1-25,326.96,222.23,348.8,139.587
SUN,CHE,24.05.2015,CO,,2-70,348.8,275.61,500.64,145.383
AST,STK,16.08.2014,G,Weimann,2-49,521.44,289.74,336.32,138.621
AST,STK,16.08.2014,CO,,1-24,437.2,296.02,240.64,151.984
AST,NEW,23.08.2014,,,,,,,
AST,HUL,31.08.2014,G,Agbonlahor,1-13,434.08,405.92,336.32,158.907
AST,HUL,31.08.2014,G,Weimann,1-35,288.48,318,419.52,155.848
AST,LIV,13.09.2014,G,Agbonlahor,1-8,383.12,239.5,420.56,150.857
AST,LIV,13.09.2014,CO,,1-12,336.32,281.89,477.76,75.992
AST,ARS,20.09.2014,CS,,1-22,435.12,223.8,413.28,182.98
AST,CHE,27.09.2014,,,,,,,
AST,MCI,04.10.2014,CS,,2-46,297.84,350.97,323.84,281.89
AST,EVE,18.10.2014,,,,,,,
AST,QPR,27.10.2014,CO,,2-54,451.76,228.51,470.48,145.383
AST,TOT,02.11.2014,G,Weimann,1-15,386.24,296.02,427.84,157.941
AST,TOT,02.11.2014,CO,,1-10,409.12,313.29,478.8,151.984
AST,WHU,08.11.2014,,,,,,,
AST,SOU,24.11.2014,CG,Agbonlahor,1-28,203.2,341.55,415.36,155.848
AST,SOU,24.11.2014,CO,,2-77,381.04,372.95,438.24,4.508
AST,BUR,29.11.2014,G,Cole,1-37,468.4,239.5,399.76,153.916
AST,CRY,02.12.2014,G,Benteke,1-31,196.96,435.75,424.72,155.848
AST,LEI,07.12.2014,CG,Clark,1-16,387.28,270.9,341.52,117.208
AST,LEI,07.12.2014,G,Hutton,2-70,546.4,303.87,387.28,149.73
AST,LEI,07.12.2014,CS,,2-52,289.52,374.52,305.12,322.71
AST,LEI,07.12.2014,CS,,2-75,455.92,281.89,421.6,190.83
AST,WBA,13.12.2014,,,,,,,
AST,MUN,20.12.2014,G,Benteke,1-17,529.76,344.69,333.2,119.301
AST,SWA,26.12.2014,CO,,2-71,414.32,357.25,286.4,145.383
AST,SWA,26.12.2014,CS,,2-90,391.44,318,415.36,168.85
AST,SWA,26.12.2014,CS,,2-91,398.72,255.2,387.28,170.42
AST,SUN,28.12.2014,,,,,,,
AST,CRY,01.01.2015,CO,,2-70,453.84,308.58,390.4,55.867
AST,CRY,01.01.2015,CS,,1-13,463.2,226.94,428.88,190.83
AST,LEI,10.01.2015,CO,,2-70,522.48,223.8,233.36,13.363
AST,LIV,17.01.2015,,,,,,,
AST,ARS,01.02.2015,CS,,1-41,400.8,275.61,403.92,230.08
AST,CHE,07.02.2015,CG,Okore,2-47,340.48,263.05,347.76,136.528
AST,HUL,10.02.2015,,,,,,,
AST,STK,21.02.2015,G,Sinclair,1-19,314.48,261.48,423.68,116.242
AST,NEW,28.02.2015,,,,,,,
AST,WBA,03.03.2015,G,Agbonlahor,1-21,527.68,277.18,371.68,158.907
AST,WBA,03.03.2015,CG,Benteke,2-93,380,341.55,415.36,158.907
AST,WBA,03.03.2015,CB,,1-27,219.84,310.15,396.64,170.42
AST,WBA,03.03.2015,CS,,2-92,537.04,212.81,473.6,176.7
AST,SUN,14.03.2015,G,Benteke,1-15,446.56,366.67,408.08,158.907
AST,SUN,14.03.2015,CG,Agbonlahor,1-17,148.08,275.61,339.44,160.034
AST,SUN,14.03.2015,G,Agbonlahor,1-36,519.36,335.27,340.48,160.034
AST,SUN,14.03.2015,G,Benteke,1-43,348.8,263.05,398.72,126.385
AST,SUN,14.03.2015,CO,,1-29,438.24,266.19,352.96,58.121
AST,SWA,21.03.2015,,,,,,,
AST,MUN,04.04.2015,G,Benteke,2-79,456.96,302.3,406,158.907
AST,QPR,07.04.2015,G,Benteke,1-9,182.4,336.84,424.72,124.292
AST,QPR,07.04.2015,CG,Benteke,1-32,374.8,399.64,334.24,157.941
AST,QPR,07.04.2015,G,Benteke,2-82,288.48,515.82,331.12,137.494
AST,QPR,07.04.2015,CS,,1-15,435.12,266.19,415.36,233.22
AST,TOT,11.04.2015,G,Benteke,1-34,368.56,333.7,335.28,157.941
AST,TOT,11.04.2015,CS,,2-84,390.4,324.28,391.44,278.75
AST,MCI,25.04.2015,G,Cleverley,2-67,332.16,464.01,358.16,158.907
AST,MCI,25.04.2015,G,Sánchez,2-84,378.96,333.7,365.44,128.317
AST,MCI,25.04.2015,CS,,1-26,366.48,335.27,380,259.91
AST,EVE,02.05.2015,G,Benteke,1-9,328,270.9,337.36,144.739
AST,EVE,02.05.2015,CG,Benteke,1-44,438.24,206.53,419.52,108.997
AST,EVE,02.05.2015,G,Cleverley,2-63,608.8,385.51,389.36,107.065
AST,EVE,02.05.2015,CO,,1-28,382.08,214.38,473.6,154.238
AST,WHU,09.05.2015,CG,Cleverley,1-30,352.96,204.96,399.76,138.621
AST,SOU,16.05.2015,CG,Benteke,1-47,344.64,283.46,337.36,108.031
AST,SOU,16.05.2015,CO,,1-10,237.52,275.61,308.24,145.383
AST,SOU,16.05.2015,CS,,2-89,338.4,281.89,380,189.26
AST,BUR,24.05.2015,,,,,,,
HUL,QPR,16.08.2014,G,Chester,2-51,338.4,261.48,340.48,149.73
HUL,QPR,16.08.2014,CS,,2-63,494.4,288.17,470.48,253.63
HUL,STK,24.08.2014,CG,Chester,1-41,435.12,219.09,397.68,156.975
HUL,AST,31.08.2014,G,Jelavic,2-73,402.88,267.76,338.4,151.823
HUL,WHU,15.09.2014,G,Hernández,1-38,429.92,352.54,418.48,133.469
HUL,WHU,15.09.2014,G,Diamé,2-63,350.88,409.06,429.92,122.199
HUL,NEW,20.09.2014,G,Jelavic,2-48,328,319.57,403.92,126.385
HUL,NEW,20.09.2014,G,Diamé,2-67,179.28,470.29,331.12,123.326
HUL,NEW,20.09.2014,CO,,2-61,344.64,288.17,302,127.512
HUL,MCI,27.09.2014,CG,Hernández,1-31,377.92,339.98,342.56,156.975
HUL,CRY,04.10.2014,CG,Diamé,2-59,384.16,289.74,399.76,112.056
HUL,CRY,04.10.2014,G,Jelavic,2-88,460.08,399.64,340.48,152.789
HUL,ARS,18.10.2014,CG,Diamé,1-16,522.48,255.2,403.92,153.916
HUL,ARS,18.10.2014,G,Hernández,2-45,376.88,278.75,331.12,138.621
HUL,LIV,25.10.2014,,,,,,,
HUL,SOU,01.11.2014,,,,,,,
HUL,BUR,08.11.2014,,,,,,,
HUL,TOT,23.11.2014,G,Livermore,1-7,575.52,555.07,344.64,160.034
HUL,TOT,23.11.2014,CO,,1-20,460.08,297.59,321.76,24.633
HUL,MUN,29.11.2014,,,,,,,
HUL,EVE,03.12.2014,G,Aluko,2-58,585.92,266.19,397.68,157.941
HUL,WBA,06.12.2014,CO,,2-74,334.24,355.68,304.08,89.516
HUL,CHE,13.12.2014,,,,,,,
HUL,SWA,20.12.2014,CO,,2-75,415.36,261.48,571.36,87.262
HUL,SUN,26.12.2014,G,Ramírez,1-32,303.04,550.36,426.8,147.798
HUL,SUN,26.12.2014,G,Chester,2-50,395.6,266.19,410.16,115.115
HUL,SUN,26.12.2014,CG,Jelavic,2-95,293.68,377.66,421.6,160.034
HUL,LEI,28.12.2014,CO,,1-46,409.12,267.76,499.6,78.246
HUL,LEI,28.12.2014,CO,,2-77,354,259.91,277.04,113.988
HUL,EVE,01.01.2015,CG,Elmohamady,1-32,378.96,307.01,411.2,135.562
HUL,EVE,01.01.2015,CG,Jelavic,1-42,321.76,358.82,380,121.233
HUL,EVE,01.01.2015,CO,,2-48,411.2,223.8,473.6,140.875
HUL,WBA,10.01.2015,,,,,,,
HUL,WHU,18.01.2015,,,,,,,
HUL,NEW,31.01.2015,CB,,1-17,387.28,272.47,382.08,175.13
HUL,MCI,07.02.2015,CG,Meyler,1-34,312.4,266.19,341.52,153.916
HUL,MCI,07.02.2015,CO,,1-15,454.88,226.94,408.08,95.795
HUL,AST,10.02.2015,G,Jelavic,1-21,278.08,355.68,339.44,119.301
HUL,AST,10.02.2015,CG,N'Doye,2-73,470.48,208.1,336.32,121.233
HUL,QPR,21.02.2015,G,Jelavic,1-15,546.4,310.15,344.64,153.916
HUL,QPR,21.02.2015,CG,N'Doye,2-88,293.68,258.34,387.28,129.444
HUL,QPR,21.02.2015,CS,,2-88,240.64,300.73,384.16,175.13
HUL,STK,28.02.2015,CO,,1-19,271.84,189.26,519.36,151.984
HUL,SUN,03.03.2015,G,N'Doye,1-14,381.04,299.16,337.36,154.882
HUL,SUN,03.03.2015,CS,,2-78,417.44,244.21,402.88,179.84
HUL,LEI,14.03.2015,CS,,1-19,333.2,333.7,349.84,258.34
HUL,LEI,14.03.2015,CS,,2-88,532.88,404.35,380,175.13
HUL,CHE,22.03.2015,G,Elmohamady,1-25,432,256.77,394.56,151.823
HUL,CHE,22.03.2015,CG,Hernández,1-27,284.32,339.98,371.68,150.857
HUL,CHE,22.03.2015,CS,,1-4,455.92,366.67,423.68,275.61
HUL,SWA,04.04.2015,CG,McShane,2-49,362.32,231.65,368.56,154.882
HUL,SOU,11.04.2015,,,,,,,
HUL,CRY,25.04.2015,CG,N'Doye,2-51,374.8,204.96,372.72,132.503
HUL,CRY,25.04.2015,G,N'Doye,2-91,538.08,355.68,337.36,146.671
HUL,CRY,25.04.2015,CO,,1-13,361.28,220.66,74.24,215.95
HUL,LIV,28.04.2015,CG,Dawson,1-36,350.88,292.88,336.32,136.528
HUL,LIV,28.04.2015,CS,,1-6,364.4,291.31,374.8,195.54
HUL,ARS,04.05.2015,CG,Quinn,2-55,399.76,344.69,420.56,121.233
HUL,BUR,09.05.2015,CO,,1-23,468.4,305.44,450.72,80.5
HUL,TOT,16.05.2015,CB,,2-69,376.88,336.84,365.44,237.93
HUL,MUN,24.05.2015,,,,,,,
BUR,CHE,18.08.2014,G,Arfield,1-13,496.48,391.79,351.92,121.233
BUR,SWA,23.08.2014,CO,,2-62,390.4,305.44,419.52,80.5
BUR,MUN,30.08.2014,,,,,,,
BUR,CRY,13.09.2014,CS,,2-84,380,341.55,384.16,179.84
BUR,SUN,20.09.2014,,,,,,,
BUR,WBA,28.09.2014,,,,,,,
BUR,LEI,04.10.2014,CG,Kightly,1-38,398.72,233.22,385.2,154.882
BUR,LEI,04.10.2014,G,Wallace,2-95,390.4,471.86,422.64,120.267
BUR,WHU,18.10.2014,G,Boyd,2-59,342.56,220.66,348.8,134.435
BUR,WHU,18.10.2014,CO,,2-61,362.32,286.6,281.2,140.875
BUR,WHU,18.10.2014,CO,,2-86,338.4,230.08,357.12,95.795
BUR,EVE,26.10.2014,CG,Ings,1-19,489.2,294.45,362.32,156.975
BUR,EVE,26.10.2014,CS,,2-47,380,253.63,361.28,179.84
BUR,ARS,01.11.2014,CS,,2-91,421.6,270.9,415.36,247.35
BUR,HUL,08.11.2014,CG,Barnes,2-49,330.08,327.42,393.52,118.174
BUR,HUL,08.11.2014,CO,,1-0,268.72,352.54,475.68,154.238
BUR,STK,22.11.2014,CG,Ings,1-11,395.6,272.47,373.76,158.907
BUR,STK,22.11.2014,CG,Ings,1-12,393.52,236.36,394.56,154.882
BUR,AST,29.11.2014,CG,Ings,2-86,380,341.55,380,107.065
BUR,AST,29.11.2014,CO,,2-90,347.76,270.9,446.56,143.129
BUR,AST,29.11.2014,CO,,2-90,427.84,313.29,432,156.975
BUR,AST,29.11.2014,CS,,2-55,378.96,311.72,368.56,247.35
BUR,NEW,02.12.2014,G,Boyd,1-33,381.04,495.41,400.8,126.385
BUR,QPR,06.12.2014,CS,,1-11,344.64,371.38,357.12,288.17
BUR,SOU,13.12.2014,G,Barnes,2-72,217.76,300.73,371.68,156.975
BUR,TOT,20.12.2014,G,Barnes,1-26,278.08,473.43,421.6,112.056
BUR,LIV,26.12.2014,,,,,,,
BUR,MCI,28.12.2014,CG,Boyd,2-46,354,263.05,388.32,158.907
BUR,MCI,28.12.2014,G,Barnes,2-80,510,385.51,345.68,108.997
BUR,NEW,01.01.2015,G,Ings,2-65,330.08,292.88,427.84,156.975
BUR,NEW,01.01.2015,G,Boyd,2-85,233.36,360.39,419.52,156.975
BUR,NEW,01.01.2015,CO,,2-47,377.92,289.74,434.08,153.916
BUR,NEW,01.01.2015,CO,,2-61,369.6,222.23,355.04,98.854
BUR,QPR,10.01.2015,G,Arfield,1-11,199.04,346.26,422.64,148.764
BUR,QPR,10.01.2015,G,Ings,1-36,324.88,324.28,423.68,154.238
BUR,QPR,10.01.2015,CO,,2-88,324.88,217.52,809.52,158.746
BUR,QPR,10.01.2015,CB,,2-89,322.8,377.66,333.2,361.96
BUR,QPR,10.01.2015,CS,,2-80,463.2,214.38,415.36,171.99
BUR,CRY,17.01.2015,CG,Mee,1-11,454.88,190.83,426.8,142.646
BUR,CRY,17.01.2015,CG,Ings,1-15,311.36,377.66,414.32,160.034
BUR,SUN,31.01.2015,CS,,2-55,392.48,247.35,377.92,165.71
BUR,WBA,08.02.2015,CG,Barnes,1-10,423.68,244.21,418.48,135.562
BUR,WBA,08.02.2015,G,Ings,1-31,389.36,335.27,426.8,134.435
BUR,MUN,11.02.2015,CG,Ings,1-11,370.64,241.07,338.4,126.385
BUR,MUN,11.02.2015,CS,,2-47,355.04,259.91,372.72,198.68
BUR,CHE,21.02.2015,G,Mee,2-80,417.44,234.79,352.96,136.528
BUR,SWA,28.02.2015,,,,,,,
BUR,LIV,04.03.2015,,,,,,,
BUR,MCI,14.03.2015,G,Boyd,2-60,239.6,442.03,425.76,160.034
BUR,SOU,21.03.2015,CO,,2-79,432,278.75,490.24,87.262
BUR,TOT,05.04.2015,CO,,2-90,437.2,256.77,306.16,149.891
BUR,TOT,05.04.2015,CS,,1-4,378.96,368.24,391.44,182.98
BUR,ARS,11.04.2015,,,,,,,
BUR,EVE,18.04.2015,CO,,1-29,502.72,314.86,336.32,85.008
BUR,EVE,18.04.2015,CO,,2-85,372.72,263.05,358.16,47.012
BUR,LEI,25.04.2015,CO,,2-58,380,341.55,437.2,160.034
BUR,LEI,25.04.2015,CS,,1-30,359.2,214.38,363.36,178.27
BUR,WHU,02.05.2015,CO,,1-17,392.48,289.74,336.32,73.738
BUR,HUL,09.05.2015,CG,Ings,2-61,387.28,275.61,392.48,155.848
BUR,STK,16.05.2015,,,,,,,
BUR,AST,24.05.2015,G,Ings,1-5,381.04,303.87,404.96,124.292
BUR,AST,24.05.2015,CS,,2-63,494.4,325.85,466.32,270.9
QPR,HUL,16.08.2014,CO,,1-29,439.28,263.05,294.72,143.129
QPR,HUL,16.08.2014,CS,,2-84,380,341.55,356.08,162.57
QPR,TOT,24.08.2014,CO,,1-19,364.4,357.25,419.52,51.359
QPR,TOT,24.08.2014,CO,,2-91,361.28,230.08,300.96,149.891
QPR,SUN,30.08.2014,CG,Austin,1-46,400.8,291.31,365.44,114.149
QPR,MUN,14.09.2014,CB,,1-31,464.24,555.07,412.24,369.81
QPR,STK,20.09.2014,CG,Caulker,1-41,421.6,234.79,404.96,135.562
QPR,STK,20.09.2014,G,Kranjcar,2-87,443.44,498.55,419.52,115.115
QPR,SOU,27.09.2014,G,Austin,2-65,398.72,352.54,399.76,156.975
QPR,WHU,05.10.2014,CO,,2-46,383.12,296.02,311.36,120.75
QPR,LIV,19.10.2014,CG,Vargas,2-86,402.88,245.78,391.44,146.671
QPR,LIV,19.10.2014,CO,,1-8,276,195.54,318.64,158.746
QPR,LIV,19.10.2014,CO,,1-27,348.8,297.59,341.52,96.761
QPR,LIV,19.10.2014,CO,,1-33,378.96,291.31,380,95.795
QPR,LIV,19.10.2014,CS,,1-8,311.36,291.31,321.76,264.62
QPR,AST,27.10.2014,G,Austin,1-16,350.88,500.12,344.64,160.034
QPR,AST,27.10.2014,G,Austin,2-68,426.8,258.34,421.6,160.034
QPR,AST,27.10.2014,CS,,2-75,278.08,350.97,326.96,272.47
QPR,CHE,01.11.2014,G,Austin,2-61,398.72,292.88,426.8,156.975
QPR,MCI,08.11.2014,CG,Austin,1-20,471.52,328.99,346.72,158.907
QPR,MCI,08.11.2014,CS,,1-14,374.8,357.25,372.72,186.12
QPR,NEW,22.11.2014,,,,,,,
QPR,LEI,29.11.2014,CG,Fer,1-44,361.28,234.79,374.8,108.031
QPR,LEI,29.11.2014,CG,Austin,2-72,398.72,241.07,421.6,126.385
QPR,LEI,29.11.2014,CB,,2-72,391.44,230.08,402.88,178.27
QPR,LEI,29.11.2014,CS,,1-44,348.8,261.48,361.28,178.27
QPR,SWA,02.12.2014,CS,,1-40,390.4,241.07,393.52,161
QPR,BUR,06.12.2014,G,Fer,2-50,261.44,261.48,404.96,140.553
QPR,BUR,06.12.2014,CG,Austin,2-73,395.6,314.86,382.08,157.941
QPR,BUR,06.12.2014,CB,,1-35,316.56,314.86,338.4,247.35
QPR,BUR,06.12.2014,CS,,2-84,221.92,316.43,314.48,231.65
QPR,EVE,15.12.2014,CG,Zamora,2-79,413.28,261.48,392.48,154.882
QPR,WBA,20.12.2014,CG,Austin,1-23,380,341.55,368.56,137.494
QPR,WBA,20.12.2014,CG,Austin,2-47,375.84,189.26,384.16,134.435
QPR,WBA,20.12.2014,CG,Austin,2-85,413.28,272.47,412.24,154.882
QPR,WBA,20.12.2014,CS,,2-47,370.64,288.17,402.88,170.42
QPR,WBA,20.12.2014,CS,,2-78,417.44,314.86,398.72,267.76
QPR,ARS,26.12.2014,CG,Austin,2-78,381.04,339.98,371.68,131.376
QPR,CRY,28.12.2014,,,,,,,
QPR,SWA,01.01.2015,G,Fer,1-19,225.04,531.52,337.36,131.376
QPR,SWA,01.01.2015,CO,,1-21,341.52,241.07,485.04,49.266
QPR,SWA,01.01.2015,CO,,2-49,490.24,266.19,436.16,145.705
QPR,SWA,01.01.2015,CO,,2-81,542.24,264.62,453.84,138.621
QPR,SWA,01.01.2015,CB,,1-16,391.44,302.3,389.36,275.61
QPR,SWA,01.01.2015,CB,,2-93,306.16,252.06,342.56,197.11
QPR,SWA,01.01.2015,CS,,2-52,423.68,307.01,398.72,178.27
QPR,SWA,01.01.2015,CS,,2-93,313.44,209.67,329.04,192.4
QPR,BUR,10.01.2015,CG,Austin,1-32,380,341.55,345.68,158.907
QPR,BUR,10.01.2015,CO,,1-15,451.76,311.72,437.2,118.174
QPR,MUN,17.01.2015,,,,,,,
QPR,STK,31.01.2015,CG,Kranjcar,1-35,306.16,241.07,374.8,158.907
QPR,STK,31.01.2015,CB,,1-35,398.72,322.71,396.64,285.03
QPR,SOU,07.02.2015,CS,,2-72,393.52,281.89,389.36,178.27
QPR,SUN,10.02.2015,CG,Fer,1-16,336.32,308.58,332.16,147.798
QPR,SUN,10.02.2015,G,Zamora,1-45,402.88,396.5,422.64,108.997
QPR,HUL,21.02.2015,G,Austin,1-38,417.44,263.05,337.36,147.798
QPR,ARS,04.03.2015,G,Austin,2-81,460.08,434.18,422.64,129.444
QPR,TOT,07.03.2015,G,Guimaraes Cordeiro,2-74,504.8,429.47,425.76,160.034
QPR,TOT,07.03.2015,CO,,1-28,338.4,355.68,348.8,97.888
QPR,TOT,07.03.2015,CS,,1-18,291.6,277.18,338.4,230.08
QPR,CRY,14.03.2015,G,Phillips,2-82,284.32,751.32,335.28,104.972
QPR,EVE,22.03.2015,CG,Vargas,2-64,465.28,195.54,377.92,102.879
QPR,EVE,22.03.2015,CO,,1-31,387.28,230.08,109.6,154.238
QPR,WBA,04.04.2015,G,Vargas,1-14,572.4,515.82,334.24,139.587
QPR,WBA,04.04.2015,CG,Austin,1-36,295.76,217.52,346.72,135.562
QPR,WBA,04.04.2015,G,Zamora,1-42,642.08,396.5,342.56,133.469
QPR,WBA,04.04.2015,CG,Barton,2-94,295.76,294.45,336.32,156.975
QPR,AST,07.04.2015,CG,Phillips,1-6,393.52,236.36,391.44,133.469
QPR,AST,07.04.2015,G,Hill,2-54,439.28,294.45,348.8,140.553
QPR,AST,07.04.2015,CG,Austin,2-77,407.04,319.57,388.32,157.941
QPR,CHE,12.04.2015,CS,,2-63,417.44,325.85,402.88,209.67
QPR,WHU,25.04.2015,CS,,1-22,380,341.55,374.8,182.98
QPR,WHU,25.04.2015,CS,,2-73,417.44,212.81,394.56,179.84
QPR,LIV,02.05.2015,G,Fer,2-72,352.96,346.26,376.88,145.705
QPR,MCI,10.05.2015,CO,,1-37,445.52,307.01,337.36,95.795
QPR,MCI,10.05.2015,CS,,1-37,311.36,244.21,356.08,178.27
QPR,NEW,16.05.2015,G,Phillips,2-53,311.36,233.22,338.4,133.469
QPR,NEW,16.05.2015,G,Fer,2-60,314.48,646.13,336.32,111.09
QPR,LEI,24.05.2015,G,Austin,2-56,338.4,339.98,421.6,136.528
QPR,LEI,24.05.2015,CO,,2-46,271.84,270.9,300.96,123.004
QPR,LEI,24.05.2015,CO,,2-74,419.52,214.38,465.28,140.875